series_id,series_url,config_url
8171,https://www.autohome.com.cn/series/8171.html,https://www.autohome.com.cn/config/series/8171.html#pvareaid=3454437
5279,https://www.autohome.com.cn/series/5279.html,https://www.autohome.com.cn/config/series/5279.html#pvareaid=3454437
7835,https://www.autohome.com.cn/series/7835.html,https://www.autohome.com.cn/config/series/7835.html#pvareaid=3454437
5964,https://www.autohome.com.cn/series/5964.html,https://www.autohome.com.cn/config/series/5964.html#pvareaid=3454437
7512,https://www.autohome.com.cn/series/7512.html,https://www.autohome.com.cn/config/series/7512.html#pvareaid=3454437
7588,https://www.autohome.com.cn/series/7588.html,https://www.autohome.com.cn/config/series/7588.html#pvareaid=3454437
7076,https://www.autohome.com.cn/series/7076.html,https://www.autohome.com.cn/config/series/7076.html#pvareaid=3454437
7578,https://www.autohome.com.cn/series/7578.html,https://www.autohome.com.cn/config/series/7578.html#pvareaid=3454437
7815,https://www.autohome.com.cn/series/7815.html,https://www.autohome.com.cn/config/series/7815.html#pvareaid=3454437
6459,https://www.autohome.com.cn/series/6459.html,https://www.autohome.com.cn/config/series/6459.html#pvareaid=3454437
7981,https://www.autohome.com.cn/series/7981.html,https://www.autohome.com.cn/config/series/7981.html#pvareaid=3454437
8087,https://www.autohome.com.cn/series/8087.html,https://www.autohome.com.cn/config/series/8087.html#pvareaid=3454437
8158,https://www.autohome.com.cn/series/8158.html,https://www.autohome.com.cn/config/series/8158.html#pvareaid=3454437
7975,https://www.autohome.com.cn/series/7975.html,https://www.autohome.com.cn/config/series/7975.html#pvareaid=3454437
6669,https://www.autohome.com.cn/series/6669.html,https://www.autohome.com.cn/config/series/6669.html#pvareaid=3454437
8138,https://www.autohome.com.cn/series/8138.html,https://www.autohome.com.cn/config/series/8138.html#pvareaid=3454437
7864,https://www.autohome.com.cn/series/7864.html,https://www.autohome.com.cn/config/series/7864.html#pvareaid=3454437
7165,https://www.autohome.com.cn/series/7165.html,https://www.autohome.com.cn/config/series/7165.html#pvareaid=3454437
8243,https://www.autohome.com.cn/series/8243.html,https://www.autohome.com.cn/config/series/8243.html#pvareaid=3454437
7298,https://www.autohome.com.cn/series/7298.html,https://www.autohome.com.cn/config/series/7298.html#pvareaid=3454437
7658,https://www.autohome.com.cn/series/7658.html,https://www.autohome.com.cn/config/series/7658.html#pvareaid=3454437
7243,https://www.autohome.com.cn/series/7243.html,https://www.autohome.com.cn/config/series/7243.html#pvareaid=3454437
7213,https://www.autohome.com.cn/series/7213.html,https://www.autohome.com.cn/config/series/7213.html#pvareaid=3454437
8042,https://www.autohome.com.cn/series/8042.html,https://www.autohome.com.cn/config/series/8042.html#pvareaid=3454437
7873,https://www.autohome.com.cn/series/7873.html,https://www.autohome.com.cn/config/series/7873.html#pvareaid=3454437
6653,https://www.autohome.com.cn/series/6653.html,https://www.autohome.com.cn/config/series/6653.html#pvareaid=3454437
8106,https://www.autohome.com.cn/series/8106.html,https://www.autohome.com.cn/config/series/8106.html#pvareaid=3454437
8149,https://www.autohome.com.cn/series/8149.html,https://www.autohome.com.cn/config/series/8149.html#pvareaid=3454437
8176,https://www.autohome.com.cn/series/8176.html,https://www.autohome.com.cn/config/series/8176.html#pvareaid=3454437
8211,https://www.autohome.com.cn/series/8211.html,https://www.autohome.com.cn/config/series/8211.html#pvareaid=3454437
7323,https://www.autohome.com.cn/series/7323.html,https://www.autohome.com.cn/config/series/7323.html#pvareaid=3454437
8091,https://www.autohome.com.cn/series/8091.html,https://www.autohome.com.cn/config/series/8091.html#pvareaid=3454437
8187,https://www.autohome.com.cn/series/8187.html,https://www.autohome.com.cn/config/series/8187.html#pvareaid=3454437
8203,https://www.autohome.com.cn/series/8203.html,https://www.autohome.com.cn/config/series/8203.html#pvareaid=3454437
7225,https://www.autohome.com.cn/series/7225.html,https://www.autohome.com.cn/config/series/7225.html#pvareaid=3454437
5576,https://www.autohome.com.cn/series/5576.html,https://www.autohome.com.cn/config/series/5576.html#pvareaid=3454437
7928,https://www.autohome.com.cn/series/7928.html,https://www.autohome.com.cn/config/series/7928.html#pvareaid=3454437
7442,https://www.autohome.com.cn/series/7442.html,https://www.autohome.com.cn/config/series/7442.html#pvareaid=3454437
8291,https://www.autohome.com.cn/series/8291.html,https://www.autohome.com.cn/config/series/8291.html#pvareaid=3454437
3430,https://www.autohome.com.cn/series/3430.html,https://www.autohome.com.cn/config/series/3430.html#pvareaid=3454437
5499,https://www.autohome.com.cn/series/5499.html,https://www.autohome.com.cn/config/series/5499.html#pvareaid=3454437
7177,https://www.autohome.com.cn/series/7177.html,https://www.autohome.com.cn/config/series/7177.html#pvareaid=3454437
7673,https://www.autohome.com.cn/series/7673.html,https://www.autohome.com.cn/config/series/7673.html#pvareaid=3454437
7329,https://www.autohome.com.cn/series/7329.html,https://www.autohome.com.cn/config/series/7329.html#pvareaid=3454437
8161,https://www.autohome.com.cn/series/8161.html,https://www.autohome.com.cn/config/series/8161.html#pvareaid=3454437
8201,https://www.autohome.com.cn/series/8201.html,https://www.autohome.com.cn/config/series/8201.html#pvareaid=3454437
8002,https://www.autohome.com.cn/series/8002.html,https://www.autohome.com.cn/config/series/8002.html#pvareaid=3454437
8159,https://www.autohome.com.cn/series/8159.html,https://www.autohome.com.cn/config/series/8159.html#pvareaid=3454437
7150,https://www.autohome.com.cn/series/7150.html,https://www.autohome.com.cn/config/series/7150.html#pvareaid=3454437
7158,https://www.autohome.com.cn/series/7158.html,https://www.autohome.com.cn/config/series/7158.html#pvareaid=3454437
