rank,series_id,name,global_name,units,price,link,image_url,series_url,manufacturer,manufacturer_ja
1,448,轩逸,シルフィ,38434,7.99-17.49万,https://www.autohome.com.cn/448/#pvareaid=6861512,./images/by_series/448_5123687f.png,https://www.autohome.com.cn/448/#pvareaid=6861512,日产,日産
2,442,速腾,サギター (Sagitar),28861,9.38-16.49万,https://www.autohome.com.cn/442/#pvareaid=6861512,./images/by_series/442_fffabf8a.png,https://www.autohome.com.cn/442/#pvareaid=6861512,大众,Volkswagen
3,528,帕萨特,パサート (Passat),19508,16.45-30.98万,https://www.autohome.com.cn/528/#pvareaid=6861512,./images/by_series/528_d809c87e.png,https://www.autohome.com.cn/528/#pvareaid=6861512,大众,Volkswagen
4,770,RAV4荣放,RAV4,19252,16.98-23.88万,https://www.autohome.com.cn/770/#pvareaid=6861512,./images/by_series/770_aebec05a.png,https://www.autohome.com.cn/770/#pvareaid=6861512,丰田,トヨタ
5,614,朗逸,ラヴィーダ (Lavida),19201,8.00-15.19万,https://www.autohome.com.cn/614/#pvareaid=6861512,./images/by_series/614_cb1f5741.png,https://www.autohome.com.cn/614/#pvareaid=6861512,大众,Volkswagen
6,4274,途观L,ティグアンL (Tiguan L),18480,18.68-26.68万,https://www.autohome.com.cn/4274/#pvareaid=6861512,./images/by_series/4274_39847c63.png,https://www.autohome.com.cn/4274/#pvareaid=6861512,大众,Volkswagen
7,110,凯美瑞,カムリ,17809,17.18-25.98万,https://www.autohome.com.cn/110/#pvareaid=6861512,./images/by_series/110_9fe9828c.png,https://www.autohome.com.cn/110/#pvareaid=6861512,丰田,トヨタ
8,496,迈腾,マゴタン (Magotan),17396,17.49-24.69万,https://www.autohome.com.cn/496/#pvareaid=6861512,./images/by_series/496_5ac1491c.png,https://www.autohome.com.cn/496/#pvareaid=6861512,大众,Volkswagen
9,18,奥迪A6L,A6L,15350,32.29-55.89万,https://www.autohome.com.cn/18/#pvareaid=6861512,./images/by_series/18_41287a14.png,https://www.autohome.com.cn/18/#pvareaid=6861512,奥迪,Audi
10,6428,卡罗拉锐放,カローラクロス,15064,12.68-18.48万,https://www.autohome.com.cn/6428/#pvareaid=6861512,./images/by_series/6428_aae9086a.png,https://www.autohome.com.cn/6428/#pvareaid=6861512,丰田,トヨタ
11,4744,探岳,タイロン (Tayron),13999,19.89-25.99万,https://www.autohome.com.cn/4744/#pvareaid=6861512,./images/by_series/4744_746b217e.png,https://www.autohome.com.cn/4744/#pvareaid=6861512,大众,Volkswagen
12,6414,锋兰达,フロントランダー,13595,13.28-17.28万,https://www.autohome.com.cn/6414/#pvareaid=6861512,./images/by_series/6414_b149dd8b.png,https://www.autohome.com.cn/6414/#pvareaid=6861512,丰田,トヨタ
13,78,雅阁,アコード,13441,17.98-23.88万,https://www.autohome.com.cn/78/#pvareaid=6861512,./images/by_series/78_cb6c81c5.png,https://www.autohome.com.cn/78/#pvareaid=6861512,本田,ホンダ
14,66,宝马3系,3シリーズ,13397,25.80-33.80万,https://www.autohome.com.cn/66/#pvareaid=6861512,./images/by_series/66_42d48ffb.png,https://www.autohome.com.cn/66/#pvareaid=6861512,宝马,BMW
15,4745,途岳,トゥアレ (Tharu),12634,12.59-21.66万,https://www.autohome.com.cn/4745/#pvareaid=6861512,./images/by_series/4745_2e242b08.png,https://www.autohome.com.cn/4745/#pvareaid=6861512,大众,Volkswagen
16,314,本田CR-V,CR-V,12261,18.59-24.99万,https://www.autohome.com.cn/314/#pvareaid=6861512,./images/by_series/314_0aee31f9.png,https://www.autohome.com.cn/314/#pvareaid=6861512,本田,ホンダ
17,4851,奥迪Q5L,Q5L,11685,30.98-39.98万,https://www.autohome.com.cn/4851/#pvareaid=6861512,./images/by_series/4851_2af5fea6.png,https://www.autohome.com.cn/4851/#pvareaid=6861512,奥迪,Audi
18,4962,亚洲龙,アバロン,11500,17.88-25.68万,https://www.autohome.com.cn/4962/#pvareaid=6861512,./images/by_series/4962_c00f1956.png,https://www.autohome.com.cn/4962/#pvareaid=6861512,丰田,トヨタ
19,3862,奔驰GLC,GLC,10840,35.18-46.28万,https://www.autohome.com.cn/3862/#pvareaid=6861512,./images/by_series/3862_4dc3db90.png,https://www.autohome.com.cn/3862/#pvareaid=6861512,奔驰,Mercedes-Benz
20,7712,铂智3X,bZ3X,10010,10.98-15.98万,https://www.autohome.com.cn/7712/#pvareaid=6861512,./images/by_series/7712_17b0f5a9.png,https://www.autohome.com.cn/7712/#pvareaid=6861512,丰田,トヨタ
21,564,逍客,キャシュカイ,9729,12.59-17.49万,https://www.autohome.com.cn/564/#pvareaid=6861512,./images/by_series/564_d8648c7a.png,https://www.autohome.com.cn/564/#pvareaid=6861512,日产,日産
22,3554,昂科威Plus,Envision Plus,9566,22.99-25.99万,https://www.autohome.com.cn/3554/#pvareaid=6861512,./images/by_series/3554_5674c06a.png,https://www.autohome.com.cn/3554/#pvareaid=6861512,别克,Buick
23,197,奔驰E级,Eクラス,9314,37.88-59.98万,https://www.autohome.com.cn/197/#pvareaid=6861512,./images/by_series/197_6484f170.png,https://www.autohome.com.cn/197/#pvareaid=6861512,奔驰,Mercedes-Benz
24,526,卡罗拉,カローラ,9290,11.68-15.58万,https://www.autohome.com.cn/526/#pvareaid=6861512,./images/by_series/526_00475b55.png,https://www.autohome.com.cn/526/#pvareaid=6861512,丰田,トヨタ
25,5393,皓影,ブリーズ,9283,13.79-26.39万,https://www.autohome.com.cn/5393/#pvareaid=6861512,./images/by_series/5393_17d6451b.png,https://www.autohome.com.cn/5393/#pvareaid=6861512,本田,ホンダ
26,588,奔驰C级,Cクラス,9126,29.99-34.56万,https://www.autohome.com.cn/588/#pvareaid=6861512,./images/by_series/588_e372ed03.png,https://www.autohome.com.cn/588/#pvareaid=6861512,奔驰,Mercedes-Benz
27,65,宝马5系,5シリーズ,9098,36.80-44.80万,https://www.autohome.com.cn/65/#pvareaid=6861512,./images/by_series/65_b36d38a9.png,https://www.autohome.com.cn/65/#pvareaid=6861512,宝马,BMW
28,4658,宝马X3,X3,7851,31.80-39.80万,https://www.autohome.com.cn/4658/#pvareaid=6861512,./images/by_series/4658_e45bfe63.png,https://www.autohome.com.cn/4658/#pvareaid=6861512,宝马,BMW
29,771,汉兰达,ハイランダー,7642,24.98-32.58万,https://www.autohome.com.cn/771/#pvareaid=6861512,./images/by_series/771_e1df166f.png,https://www.autohome.com.cn/771/#pvareaid=6861512,丰田,トヨタ
30,5472,威兰达,ウィランダー,7367,16.98-23.08万,https://www.autohome.com.cn/5472/#pvareaid=6861512,./images/by_series/5472_962ab92f.png,https://www.autohome.com.cn/5472/#pvareaid=6861512,丰田,トヨタ
31,51,伊兰特,エラントラ (Elantra),6727,9.98-14.98万,https://www.autohome.com.cn/51/#pvareaid=6861512,./images/by_series/51_c241b74c.png,https://www.autohome.com.cn/51/#pvareaid=6861512,现代,Hyundai
32,6272,赛那SIENNA,シエナ,6701,29.98-39.38万,https://www.autohome.com.cn/6272/#pvareaid=6861512,./images/by_series/6272_c7f60705.png,https://www.autohome.com.cn/6272/#pvareaid=6861512,丰田,トヨタ
33,6548,宝马X5,X5,6605,59.80-74.80万,https://www.autohome.com.cn/6548/#pvareaid=6861512,./images/by_series/6548_26178c20.png,https://www.autohome.com.cn/6548/#pvareaid=6861512,宝马,BMW
34,692,奥迪A4L,A4L,6550,28.98-36.28万,https://www.autohome.com.cn/692/#pvareaid=6861512,./images/by_series/692_ee8427b1.png,https://www.autohome.com.cn/692/#pvareaid=6861512,奥迪,Audi
35,3170,奥迪A3,A3,6368,16.59-20.99万,https://www.autohome.com.cn/3170/#pvareaid=6861512,./images/by_series/3170_38faeff7.png,https://www.autohome.com.cn/3170/#pvareaid=6861512,奥迪,Audi
36,633,宝来,Bora,6022,8.29-11.39万,https://www.autohome.com.cn/633/#pvareaid=6861512,./images/by_series/633_16c748f6.png,https://www.autohome.com.cn/633/#pvareaid=6861512,大众,Volkswagen
37,7855,奥迪A5L,A5L,6004,25.58-34.68万,https://www.autohome.com.cn/7855/#pvareaid=6861512,./images/by_series/7855_c5e59703.png,https://www.autohome.com.cn/7855/#pvareaid=6861512,奥迪,Audi
38,6672,格瑞维亚,グランビア,5781,29.98-41.68万,https://www.autohome.com.cn/6672/#pvareaid=6861512,./images/by_series/6672_4261d4b4.png,https://www.autohome.com.cn/6672/#pvareaid=6861512,丰田,トヨタ
39,8138,沃尔沃XC70插电式混动,XC70 PHEV,5354,41.19-49.69万,https://www.autohome.com.cn/8138/#pvareaid=6861512,./images/by_series/8138_4dc80f29.png,https://www.autohome.com.cn/8138/#pvareaid=6861512,沃尔沃,Volvo
40,656,奇骏,エクストレイル,5156,16.08-26.29万,https://www.autohome.com.cn/656/#pvareaid=6861512,./images/by_series/656_0f96f64c.png,https://www.autohome.com.cn/656/#pvareaid=6861512,日产,日産
41,6030,皇冠陆放,クラウンクルーガー,5075,28.48-33.28万,https://www.autohome.com.cn/6030/#pvareaid=6861512,./images/by_series/6030_5b8c5f0d.png,https://www.autohome.com.cn/6030/#pvareaid=6861512,丰田,トヨタ
42,834,君越,ラクロス (LaCrosse),4454,20.99-23.99万,https://www.autohome.com.cn/834/#pvareaid=6861512,./images/by_series/834_a1c296b6.png,https://www.autohome.com.cn/834/#pvareaid=6861512,别克,Buick
43,7658,别克GL8新能源,GL8 EV,4440,22.99-39.99万,https://www.autohome.com.cn/7658/#pvareaid=6861512,./images/by_series/7658_8572c695.png,https://www.autohome.com.cn/7658/#pvareaid=6861512,别克,Buick
44,2561,宝马X1,X1,4316,25.80-28.80万,https://www.autohome.com.cn/2561/#pvareaid=6861512,./images/by_series/2561_61702513.png,https://www.autohome.com.cn/2561/#pvareaid=6861512,宝马,BMW
45,3989,凯迪拉克XT5,XT5,4193,37.99-45.99万,https://www.autohome.com.cn/3989/#pvareaid=6861512,./images/by_series/3989_d8580bba.png,https://www.autohome.com.cn/3989/#pvareaid=6861512,凯迪拉克,Cadillac
46,4809,英仕派,インスパイア,4136,18.28-21.38万,https://www.autohome.com.cn/4809/#pvareaid=6861512,./images/by_series/4809_f6fb5f02.png,https://www.autohome.com.cn/4809/#pvareaid=6861512,本田,ホンダ
47,7935,日产N7,N7,4016,11.99-15.89万,https://www.autohome.com.cn/7935/#pvareaid=6861512,./images/by_series/7935_e8981e06.png,https://www.autohome.com.cn/7935/#pvareaid=6861512,日产,日産
48,5138,捷达VS5,VS5,3799,8.79-12.19万,https://www.autohome.com.cn/5138/#pvareaid=6861512,./images/by_series/5138_6f2ac6c3.png,https://www.autohome.com.cn/5138/#pvareaid=6861512,捷达,Jetta
49,3411,沃尔沃XC60,XC60,3796,39.69-47.49万,https://www.autohome.com.cn/3411/#pvareaid=6861512,./images/by_series/3411_f9887684.png,https://www.autohome.com.cn/3411/#pvareaid=6861512,沃尔沃,Volvo
50,166,别克GL8,GL8,3720,19.99-36.99万,https://www.autohome.com.cn/166/#pvareaid=6861512,./images/by_series/166_cd77020e.png,https://www.autohome.com.cn/166/#pvareaid=6861512,别克,Buick
51,634,天籁,ティアナ,3700,13.99-23.98万,https://www.autohome.com.cn/634/#pvareaid=6861512,./images/by_series/634_511e0b9a.png,https://www.autohome.com.cn/634/#pvareaid=6861512,日产,日産
52,3457,凌渡,ラモンド (Lamando),3626,15.09-19.59万,https://www.autohome.com.cn/3457/#pvareaid=6861512,./images/by_series/3457_5b099dd4.png,https://www.autohome.com.cn/3457/#pvareaid=6861512,大众,Volkswagen
53,135,思域,シビック,3514,9.79-17.99万,https://www.autohome.com.cn/135/#pvareaid=6861512,./images/by_series/135_9e258587.png,https://www.autohome.com.cn/135/#pvareaid=6861512,本田,ホンダ
54,8100,别克至境L7,Envista L7,3504,17.39-21.99万,https://www.autohome.com.cn/8100/#pvareaid=6861512,./images/by_series/8100_89d22e44.png,https://www.autohome.com.cn/8100/#pvareaid=6861512,别克,Buick
55,4674,T-ROC探歌,T-ROC,3443,13.89-15.87万,https://www.autohome.com.cn/4674/#pvareaid=6861512,./images/by_series/4674_56e78678.png,https://www.autohome.com.cn/4674/#pvareaid=6861512,大众,Volkswagen
56,7717,马自达EZ-60,EZ-60,3377,11.99-16.69万,https://www.autohome.com.cn/7717/#pvareaid=6861512,./images/by_series/7717_479238dd.png,https://www.autohome.com.cn/7717/#pvareaid=6861512,马自达,マツダ
57,2987,马自达CX-5,CX-5,3176,12.58-15.38万,https://www.autohome.com.cn/2987/#pvareaid=6861512,./images/by_series/2987_8cb6f069.png,https://www.autohome.com.cn/2987/#pvareaid=6861512,马自达,マツダ
58,5349,凯迪拉克CT5,CT5,3142,28.99-34.59万,https://www.autohome.com.cn/5349/#pvareaid=6861512,./images/by_series/5349_32de00fe.png,https://www.autohome.com.cn/5349/#pvareaid=6861512,凯迪拉克,Cadillac
59,2951,奥迪Q3,Q3,3098,25.18-29.68万,https://www.autohome.com.cn/2951/#pvareaid=6861512,./images/by_series/2951_814b4a05.png,https://www.autohome.com.cn/2951/#pvareaid=6861512,奥迪,Audi
60,117,蒙迪欧,モンデオ (Mondeo),3081,14.98-22.98万,https://www.autohome.com.cn/117/#pvareaid=6861512,./images/by_series/117_cbdf773a.png,https://www.autohome.com.cn/117/#pvareaid=6861512,福特,Ford
61,164,君威,リーガル (Regal),3030,15.98-17.58万,https://www.autohome.com.cn/164/#pvareaid=6861512,./images/by_series/164_8d977a57.png,https://www.autohome.com.cn/164/#pvareaid=6861512,别克,Buick
62,4232,途昂,テラモント (Teramont),2534,28.90-35.99万,https://www.autohome.com.cn/4232/#pvareaid=6861512,./images/by_series/4232_8b6e4870.png,https://www.autohome.com.cn/4232/#pvareaid=6861512,大众,Volkswagen
63,6738,揽巡,ランシュン (Lanxun),2288,24.29-29.99万,https://www.autohome.com.cn/6738/#pvareaid=6861512,./images/by_series/6738_78e63bc2.png,https://www.autohome.com.cn/6738/#pvareaid=6861512,大众,Volkswagen
64,3615,锐界,エッジ (Edge),2271,22.98-30.98万,https://www.autohome.com.cn/3615/#pvareaid=6861512,./images/by_series/3615_56294e48.png,https://www.autohome.com.cn/3615/#pvareaid=6861512,福特,Ford
65,6265,大众ID.3,ID.3,2258,12.99-15.59万,https://www.autohome.com.cn/6265/#pvareaid=6861512,./images/by_series/6265_ef4e5f90.png,https://www.autohome.com.cn/6265/#pvareaid=6861512,大众,Volkswagen
66,871,高尔夫,ゴルフ (Golf),2256,12.99-15.89万,https://www.autohome.com.cn/871/#pvareaid=6861512,./images/by_series/871_e4c9c82f.png,https://www.autohome.com.cn/871/#pvareaid=6861512,大众,Volkswagen
67,358,途胜,ツーソン (Tucson),2191,15.98-20.78万,https://www.autohome.com.cn/358/#pvareaid=6861512,./images/by_series/358_184ae2c7.png,https://www.autohome.com.cn/358/#pvareaid=6861512,现代,Hyundai
68,6903,丰田bZ3,Toyota bZ3,2118,10.98-19.98万,https://www.autohome.com.cn/6903/#pvareaid=6861512,./images/by_series/6903_174ce9ed.png,https://www.autohome.com.cn/6903/#pvareaid=6861512,丰田,トヨタ
69,7201,赛图斯,セルトス (Seltos),2095,10.99-15.99万,https://www.autohome.com.cn/7201/#pvareaid=6861512,./images/by_series/7201_d1e3a3fd.png,https://www.autohome.com.cn/7201/#pvareaid=6861512,起亚,Kia
70,5137,捷达VA3,VA3,2003,6.78-9.48万,https://www.autohome.com.cn/5137/#pvareaid=6861512,./images/by_series/5137_54157d81.png,https://www.autohome.com.cn/5137/#pvareaid=6861512,捷达,Jetta
71,3158,沃尔沃S60,S60,1981,30.69-38.49万,https://www.autohome.com.cn/3158/#pvareaid=6861512,./images/by_series/3158_f5e74f36.png,https://www.autohome.com.cn/3158/#pvareaid=6861512,沃尔沃,Volvo
72,7817,奥迪A5L Sportback,A5L Sportback,1920,27.99-39.99万,https://www.autohome.com.cn/7817/#pvareaid=6861512,./images/by_series/7817_578e6dfe.png,https://www.autohome.com.cn/7817/#pvareaid=6861512,奥迪,Audi
73,46,普拉多,ランドクルーザープラド,1830,44.98-55.98万,https://www.autohome.com.cn/46/#pvareaid=6861512,./images/by_series/46_46582c2c.png,https://www.autohome.com.cn/46/#pvareaid=6861512,丰田,トヨタ
74,6853,狮铂拓界,Explorer,1801,15.49-23.78万,https://www.autohome.com.cn/6853/#pvareaid=6861512,./images/by_series/6853_ffcc924b.png,https://www.autohome.com.cn/6853/#pvareaid=6861512,起亚,Kia
75,7925,奥迪E5 Sportback,E5 Sportback,1800,23.59-31.99万,https://www.autohome.com.cn/7925/#pvareaid=6861512,./images/by_series/7925_091fbf34.png,https://www.autohome.com.cn/7925/#pvareaid=6861512,奥迪AUDI,Audi
76,6544,宝马i3,i3,1721,27.80-33.80万,https://www.autohome.com.cn/6544/#pvareaid=6861512,./images/by_series/6544_9cdf73f5.png,https://www.autohome.com.cn/6544/#pvareaid=6861512,宝马,BMW
77,5193,捷达VS7,捷达VS7,1699,9.79-12.09万,https://www.autohome.com.cn/5193/#pvareaid=6861512,./images/by_series/5193_d4771a2e.png,https://www.autohome.com.cn/5193/#pvareaid=6861512,捷达,Jetta
78,7692,马自达EZ-6,EZ-6,1665,11.98-16.28万,https://www.autohome.com.cn/7692/#pvareaid=6861512,./images/by_series/7692_5691f4b9.png,https://www.autohome.com.cn/7692/#pvareaid=6861512,马自达,マツダ
79,6975,奔驰EQE SUV,EQE SUV,1661,48.60-63.06万,https://www.autohome.com.cn/6975/#pvareaid=6861512,./images/by_series/6975_0017903a.png,https://www.autohome.com.cn/6975/#pvareaid=6861512,奔驰,Mercedes-Benz
80,5785,ID.4 CROZZ,ID.4 CROZZ,1629,14.99-20.76万,https://www.autohome.com.cn/5785/#pvareaid=6861512,./images/by_series/5785_3170affb.png,https://www.autohome.com.cn/5785/#pvareaid=6861512,大众,Volkswagen
81,6640,奔驰EQE,奔驰EQE,1563,47.80-62.70万,https://www.autohome.com.cn/6640/#pvareaid=6861512,./images/by_series/6640_29314d4c.png,https://www.autohome.com.cn/6640/#pvareaid=6861512,奔驰,Mercedes-Benz
82,4206,沃尔沃S90,S90,1448,40.69-50.59万,https://www.autohome.com.cn/4206/#pvareaid=6861512,./images/by_series/4206_f6a86c0a.png,https://www.autohome.com.cn/4206/#pvareaid=6861512,沃尔沃,Volvo
83,8160,捷达VS8,VS8,1439,11.99-13.79万,https://www.autohome.com.cn/8160/#pvareaid=6861512,./images/by_series/8160_879eb469.png,https://www.autohome.com.cn/8160/#pvareaid=6861512,捷达,Jetta
84,6369,smart精灵#1,smart #1,1412,15.49-24.99万,https://www.autohome.com.cn/6369/#pvareaid=6861512,./images/by_series/6369_605a2169.png,https://www.autohome.com.cn/6369/#pvareaid=6861512,smart,smart
85,6118,库斯途,クストス (Custo),1406,16.98-22.08万,https://www.autohome.com.cn/6118/#pvareaid=6861512,./images/by_series/6118_1b3f5682.png,https://www.autohome.com.cn/6118/#pvareaid=6861512,现代,Hyundai
86,5348,奔驰GLB,GLB,1405,27.39-31.19万,https://www.autohome.com.cn/5348/#pvareaid=6861512,./images/by_series/5348_2994bc97.png,https://www.autohome.com.cn/5348/#pvareaid=6861512,奔驰,Mercedes-Benz
87,3462,雷凌,レビン,1403,11.38-14.88万,https://www.autohome.com.cn/3462/#pvareaid=6861512,./images/by_series/3462_974c6da4.png,https://www.autohome.com.cn/3462/#pvareaid=6861512,丰田,トヨタ
88,8084,奔驰CLA新能源,CLA EV,1369,22.90-28.56万,https://www.autohome.com.cn/8084/#pvareaid=6861512,./images/by_series/8084_c815f12b.png,https://www.autohome.com.cn/8084/#pvareaid=6861512,奔驰,Mercedes-Benz
89,880,奥德赛,オデッセイ,1353,23.58-32.88万,https://www.autohome.com.cn/880/#pvareaid=6861512,./images/by_series/880_2a75c5a0.png,https://www.autohome.com.cn/880/#pvareaid=6861512,本田,ホンダ
90,6477,林肯Z,Lincoln Zephyr,1335,23.58-36.58万,https://www.autohome.com.cn/6477/#pvareaid=6861512,./images/by_series/6477_9113a749.png,https://www.autohome.com.cn/6477/#pvareaid=6861512,林肯,Lincoln
91,7223,宝马iX1,iX1,1326,22.80-26.80万,https://www.autohome.com.cn/7223/#pvareaid=6861512,./images/by_series/7223_e0f106f6.png,https://www.autohome.com.cn/7223/#pvareaid=6861512,宝马,BMW
92,6120,凡尔赛C5 X,C5 X,1299,13.77-18.67万,https://www.autohome.com.cn/6120/#pvareaid=6861512,./images/by_series/6120_6dddd9ad.png,https://www.autohome.com.cn/6120/#pvareaid=6861512,雪铁龙,Citroën
93,2649,索纳塔,ソナタ (Sonata),1282,13.98-18.68万,https://www.autohome.com.cn/2649/#pvareaid=6861512,./images/by_series/2649_2fc432d7.png,https://www.autohome.com.cn/2649/#pvareaid=6861512,现代,Hyundai
94,5757,航海家,ノーチラス (Nautilus),1281,30.58-46.88万,https://www.autohome.com.cn/5757/#pvareaid=6861512,./images/by_series/5757_11ee04cd.png,https://www.autohome.com.cn/5757/#pvareaid=6861512,林肯,Lincoln
95,3294,马自达3 昂克赛拉,Mazda3 Axela,1233,8.99-18.99万,https://www.autohome.com.cn/3294/#pvareaid=6861512,./images/by_series/3294_c9270a47.png,https://www.autohome.com.cn/3294/#pvareaid=6861512,马自达,マツダ
96,7677,广汽本田P7,P7,1201,19.99-21.89万,https://www.autohome.com.cn/7677/#pvareaid=6861512,./images/by_series/7677_ab6e63b1.png,https://www.autohome.com.cn/7677/#pvareaid=6861512,本田,ホンダ
97,7713,丰田bZ5,bZ5,1169,12.98-19.98万,https://www.autohome.com.cn/7713/#pvareaid=6861512,./images/by_series/7713_d4bfe7a3.png,https://www.autohome.com.cn/7713/#pvareaid=6861512,丰田,トヨタ
98,4764,奔驰A级,Aクラス,1159,25.13-27.57万,https://www.autohome.com.cn/4764/#pvareaid=6861512,./images/by_series/4764_9f8e1748.png,https://www.autohome.com.cn/4764/#pvareaid=6861512,奔驰,Mercedes-Benz
99,6386,型格,Integra,1103,13.99-17.09万,https://www.autohome.com.cn/6386/#pvareaid=6861512,./images/by_series/6386_e32f802d.png,https://www.autohome.com.cn/6386/#pvareaid=6861512,本田,ホンダ
100,4083,捷豹XFL,XFL,1067,43.99-48.99万,https://www.autohome.com.cn/4083/#pvareaid=6861512,./images/by_series/4083_97b4f44e.png,https://www.autohome.com.cn/4083/#pvareaid=6861512,捷豹,Jaguar
