series_id,series_url,config_url
8510,https://www.autohome.com.cn/series/8510.html,https://www.autohome.com.cn/config/series/8510.html#pvareaid=3454437
771,https://www.autohome.com.cn/series/771.html,https://www.autohome.com.cn/config/series/771.html#pvareaid=3454437
5393,https://www.autohome.com.cn/series/5393.html,https://www.autohome.com.cn/config/series/5393.html#pvareaid=3454437
588,https://www.autohome.com.cn/series/588.html,https://www.autohome.com.cn/config/series/588.html#pvareaid=3454437
51,https://www.autohome.com.cn/series/51.html,https://www.autohome.com.cn/config/series/51.html#pvareaid=3454437
6548,https://www.autohome.com.cn/series/6548.html,https://www.autohome.com.cn/config/series/6548.html#pvareaid=3454437
2561,https://www.autohome.com.cn/series/2561.html,https://www.autohome.com.cn/config/series/2561.html#pvareaid=3454437
8459,https://www.autohome.com.cn/series/8459.html,https://www.autohome.com.cn/config/series/8459.html#pvareaid=3454437
2987,https://www.autohome.com.cn/series/2987.html,https://www.autohome.com.cn/config/series/2987.html#pvareaid=3454437
834,https://www.autohome.com.cn/series/834.html,https://www.autohome.com.cn/config/series/834.html#pvareaid=3454437
633,https://www.autohome.com.cn/series/633.html,https://www.autohome.com.cn/config/series/633.html#pvareaid=3454437
8449,https://www.autohome.com.cn/series/8449.html,https://www.autohome.com.cn/config/series/8449.html#pvareaid=3454437
564,https://www.autohome.com.cn/series/564.html,https://www.autohome.com.cn/config/series/564.html#pvareaid=3454437
5138,https://www.autohome.com.cn/series/5138.html,https://www.autohome.com.cn/config/series/5138.html#pvareaid=3454437
7717,https://www.autohome.com.cn/series/7717.html,https://www.autohome.com.cn/config/series/7717.html#pvareaid=3454437
3989,https://www.autohome.com.cn/series/3989.html,https://www.autohome.com.cn/config/series/3989.html#pvareaid=3454437
6030,https://www.autohome.com.cn/series/6030.html,https://www.autohome.com.cn/config/series/6030.html#pvareaid=3454437
7855,https://www.autohome.com.cn/series/7855.html,https://www.autohome.com.cn/config/series/7855.html#pvareaid=3454437
166,https://www.autohome.com.cn/series/166.html,https://www.autohome.com.cn/config/series/166.html#pvareaid=3454437
7692,https://www.autohome.com.cn/series/7692.html,https://www.autohome.com.cn/config/series/7692.html#pvareaid=3454437
6672,https://www.autohome.com.cn/series/6672.html,https://www.autohome.com.cn/config/series/6672.html#pvareaid=3454437
634,https://www.autohome.com.cn/series/634.html,https://www.autohome.com.cn/config/series/634.html#pvareaid=3454437
7201,https://www.autohome.com.cn/series/7201.html,https://www.autohome.com.cn/config/series/7201.html#pvareaid=3454437
7658,https://www.autohome.com.cn/series/7658.html,https://www.autohome.com.cn/config/series/7658.html#pvareaid=3454437
2951,https://www.autohome.com.cn/series/2951.html,https://www.autohome.com.cn/config/series/2951.html#pvareaid=3454437
6738,https://www.autohome.com.cn/series/6738.html,https://www.autohome.com.cn/config/series/6738.html#pvareaid=3454437
7724,https://www.autohome.com.cn/series/7724.html,https://www.autohome.com.cn/config/series/7724.html#pvareaid=3454437
8092,https://www.autohome.com.cn/series/8092.html,https://www.autohome.com.cn/config/series/8092.html#pvareaid=3454437
5137,https://www.autohome.com.cn/series/5137.html,https://www.autohome.com.cn/config/series/5137.html#pvareaid=3454437
8138,https://www.autohome.com.cn/series/8138.html,https://www.autohome.com.cn/config/series/8138.html#pvareaid=3454437
692,https://www.autohome.com.cn/series/692.html,https://www.autohome.com.cn/config/series/692.html#pvareaid=3454437
6903,https://www.autohome.com.cn/series/6903.html,https://www.autohome.com.cn/config/series/6903.html#pvareaid=3454437
3158,https://www.autohome.com.cn/series/3158.html,https://www.autohome.com.cn/config/series/3158.html#pvareaid=3454437
5349,https://www.autohome.com.cn/series/5349.html,https://www.autohome.com.cn/config/series/5349.html#pvareaid=3454437
4824,https://www.autohome.com.cn/series/4824.html,https://www.autohome.com.cn/config/series/4824.html#pvareaid=3454437
4809,https://www.autohome.com.cn/series/4809.html,https://www.autohome.com.cn/config/series/4809.html#pvareaid=3454437
656,https://www.autohome.com.cn/series/656.html,https://www.autohome.com.cn/config/series/656.html#pvareaid=3454437
8160,https://www.autohome.com.cn/series/8160.html,https://www.autohome.com.cn/config/series/8160.html#pvareaid=3454437
7737,https://www.autohome.com.cn/series/7737.html,https://www.autohome.com.cn/config/series/7737.html#pvareaid=3454437
8243,https://www.autohome.com.cn/series/8243.html,https://www.autohome.com.cn/config/series/8243.html#pvareaid=3454437
117,https://www.autohome.com.cn/series/117.html,https://www.autohome.com.cn/config/series/117.html#pvareaid=3454437
2886,https://www.autohome.com.cn/series/2886.html,https://www.autohome.com.cn/config/series/2886.html#pvareaid=3454437
3615,https://www.autohome.com.cn/series/3615.html,https://www.autohome.com.cn/config/series/3615.html#pvareaid=3454437
6825,https://www.autohome.com.cn/series/6825.html,https://www.autohome.com.cn/config/series/6825.html#pvareaid=3454437
7935,https://www.autohome.com.cn/series/7935.html,https://www.autohome.com.cn/config/series/7935.html#pvareaid=3454437
164,https://www.autohome.com.cn/series/164.html,https://www.autohome.com.cn/config/series/164.html#pvareaid=3454437
4674,https://www.autohome.com.cn/series/4674.html,https://www.autohome.com.cn/config/series/4674.html#pvareaid=3454437
7628,https://www.autohome.com.cn/series/7628.html,https://www.autohome.com.cn/config/series/7628.html#pvareaid=3454437
358,https://www.autohome.com.cn/series/358.html,https://www.autohome.com.cn/config/series/358.html#pvareaid=3454437
135,https://www.autohome.com.cn/series/135.html,https://www.autohome.com.cn/config/series/135.html#pvareaid=3454437
3457,https://www.autohome.com.cn/series/3457.html,https://www.autohome.com.cn/config/series/3457.html#pvareaid=3454437
7873,https://www.autohome.com.cn/series/7873.html,https://www.autohome.com.cn/config/series/7873.html#pvareaid=3454437
46,https://www.autohome.com.cn/series/46.html,https://www.autohome.com.cn/config/series/46.html#pvareaid=3454437
6544,https://www.autohome.com.cn/series/6544.html,https://www.autohome.com.cn/config/series/6544.html#pvareaid=3454437
4232,https://www.autohome.com.cn/series/4232.html,https://www.autohome.com.cn/config/series/4232.html#pvareaid=3454437
871,https://www.autohome.com.cn/series/871.html,https://www.autohome.com.cn/config/series/871.html#pvareaid=3454437
8312,https://www.autohome.com.cn/series/8312.html,https://www.autohome.com.cn/config/series/8312.html#pvareaid=3454437
6369,https://www.autohome.com.cn/series/6369.html,https://www.autohome.com.cn/config/series/6369.html#pvareaid=3454437
6118,https://www.autohome.com.cn/series/6118.html,https://www.autohome.com.cn/config/series/6118.html#pvareaid=3454437
880,https://www.autohome.com.cn/series/880.html,https://www.autohome.com.cn/config/series/880.html#pvareaid=3454437
5348,https://www.autohome.com.cn/series/5348.html,https://www.autohome.com.cn/config/series/5348.html#pvareaid=3454437
7223,https://www.autohome.com.cn/series/7223.html,https://www.autohome.com.cn/config/series/7223.html#pvareaid=3454437
3411,https://www.autohome.com.cn/series/3411.html,https://www.autohome.com.cn/config/series/3411.html#pvareaid=3454437
3521,https://www.autohome.com.cn/series/3521.html,https://www.autohome.com.cn/config/series/3521.html#pvareaid=3454437
7082,https://www.autohome.com.cn/series/7082.html,https://www.autohome.com.cn/config/series/7082.html#pvareaid=3454437
7817,https://www.autohome.com.cn/series/7817.html,https://www.autohome.com.cn/config/series/7817.html#pvareaid=3454437
5556,https://www.autohome.com.cn/series/5556.html,https://www.autohome.com.cn/config/series/5556.html#pvareaid=3454437
8100,https://www.autohome.com.cn/series/8100.html,https://www.autohome.com.cn/config/series/8100.html#pvareaid=3454437
6853,https://www.autohome.com.cn/series/6853.html,https://www.autohome.com.cn/config/series/6853.html#pvareaid=3454437
4856,https://www.autohome.com.cn/series/4856.html,https://www.autohome.com.cn/config/series/4856.html#pvareaid=3454437
6477,https://www.autohome.com.cn/series/6477.html,https://www.autohome.com.cn/config/series/6477.html#pvareaid=3454437
6265,https://www.autohome.com.cn/series/6265.html,https://www.autohome.com.cn/config/series/6265.html#pvareaid=3454437
905,https://www.autohome.com.cn/series/905.html,https://www.autohome.com.cn/config/series/905.html#pvareaid=3454437
4776,https://www.autohome.com.cn/series/4776.html,https://www.autohome.com.cn/config/series/4776.html#pvareaid=3454437
7413,https://www.autohome.com.cn/series/7413.html,https://www.autohome.com.cn/config/series/7413.html#pvareaid=3454437
7713,https://www.autohome.com.cn/series/7713.html,https://www.autohome.com.cn/config/series/7713.html#pvareaid=3454437
6120,https://www.autohome.com.cn/series/6120.html,https://www.autohome.com.cn/config/series/6120.html#pvareaid=3454437
5757,https://www.autohome.com.cn/series/5757.html,https://www.autohome.com.cn/config/series/5757.html#pvareaid=3454437
7684,https://www.autohome.com.cn/series/7684.html,https://www.autohome.com.cn/config/series/7684.html#pvareaid=3454437
3751,https://www.autohome.com.cn/series/3751.html,https://www.autohome.com.cn/config/series/3751.html#pvareaid=3454437
5062,https://www.autohome.com.cn/series/5062.html,https://www.autohome.com.cn/config/series/5062.html#pvareaid=3454437
7520,https://www.autohome.com.cn/series/7520.html,https://www.autohome.com.cn/config/series/7520.html#pvareaid=3454437
5193,https://www.autohome.com.cn/series/5193.html,https://www.autohome.com.cn/config/series/5193.html#pvareaid=3454437
2649,https://www.autohome.com.cn/series/2649.html,https://www.autohome.com.cn/config/series/2649.html#pvareaid=3454437
7827,https://www.autohome.com.cn/series/7827.html,https://www.autohome.com.cn/config/series/7827.html#pvareaid=3454437
4904,https://www.autohome.com.cn/series/4904.html,https://www.autohome.com.cn/config/series/4904.html#pvareaid=3454437
8710,https://www.autohome.com.cn/series/8710.html,https://www.autohome.com.cn/config/series/8710.html#pvareaid=3454437
813,https://www.autohome.com.cn/series/813.html,https://www.autohome.com.cn/config/series/813.html#pvareaid=3454437
4206,https://www.autohome.com.cn/series/4206.html,https://www.autohome.com.cn/config/series/4206.html#pvareaid=3454437
3294,https://www.autohome.com.cn/series/3294.html,https://www.autohome.com.cn/config/series/3294.html#pvareaid=3454437
3460,https://www.autohome.com.cn/series/3460.html,https://www.autohome.com.cn/config/series/3460.html#pvareaid=3454437
5385,https://www.autohome.com.cn/series/5385.html,https://www.autohome.com.cn/config/series/5385.html#pvareaid=3454437
4102,https://www.autohome.com.cn/series/4102.html,https://www.autohome.com.cn/config/series/4102.html#pvareaid=3454437
7396,https://www.autohome.com.cn/series/7396.html,https://www.autohome.com.cn/config/series/7396.html#pvareaid=3454437
987,https://www.autohome.com.cn/series/987.html,https://www.autohome.com.cn/config/series/987.html#pvareaid=3454437
5245,https://www.autohome.com.cn/series/5245.html,https://www.autohome.com.cn/config/series/5245.html#pvareaid=3454437
7010,https://www.autohome.com.cn/series/7010.html,https://www.autohome.com.cn/config/series/7010.html#pvareaid=3454437
4746,https://www.autohome.com.cn/series/4746.html,https://www.autohome.com.cn/config/series/4746.html#pvareaid=3454437
6430,https://www.autohome.com.cn/series/6430.html,https://www.autohome.com.cn/config/series/6430.html#pvareaid=3454437
2927,https://www.autohome.com.cn/series/2927.html,https://www.autohome.com.cn/config/series/2927.html#pvareaid=3454437
