category_id,category,month,rank,series_id,name,units,price,link,image_url,series_url,manufacturer
1,燃油车,2026-01,1,6814,博越L,34176.0,9.99-12.99万,https://www.autohome.com.cn/6814/#pvareaid=6861512,public/autohome_energy/guochan/images/1/1_0_博越L.png,https://www.autohome.com.cn/6814/#pvareaid=6861512,吉利汽车
1,燃油车,2026-01,2,6004,星越L,23815.0,13.97-17.97万,https://www.autohome.com.cn/6004/#pvareaid=6861512,public/autohome_energy/guochan/images/1/2_1_星越L.png,https://www.autohome.com.cn/6004/#pvareaid=6861512,吉利汽车
1,燃油车,2026-01,3,5273,星瑞,19027.0,9.87-14.67万,https://www.autohome.com.cn/5273/#pvareaid=6861512,public/autohome_energy/guochan/images/1/3_2_星瑞.png,https://www.autohome.com.cn/5273/#pvareaid=6861512,吉利汽车
1,燃油车,2026-01,4,3556,帝豪,16805.0,6.29-9.19万,https://www.autohome.com.cn/3556/#pvareaid=6861512,public/autohome_energy/guochan/images/1/4_3_帝豪.png,https://www.autohome.com.cn/3556/#pvareaid=6861512,吉利汽车
1,燃油车,2026-01,5,4410,红旗H5,16073.0,15.98-21.58万,https://www.autohome.com.cn/4410/#pvareaid=6861512,public/autohome_energy/guochan/images/1/5_4_红旗H5.png,https://www.autohome.com.cn/4410/#pvareaid=6861512,红旗
1,燃油车,2026-01,6,4693,瑞虎8,15705.0,10.99-12.99万,https://www.autohome.com.cn/4693/#pvareaid=6861512,public/autohome_energy/guochan/images/1/6_5_瑞虎8.png,https://www.autohome.com.cn/4693/#pvareaid=6861512,奇瑞
1,燃油车,2026-01,7,5179,长安CS75PLUS,14440.0,10.89-14.39万,https://www.autohome.com.cn/5179/#pvareaid=6861512,public/autohome_energy/guochan/images/1/7_6_长安CS75PLUS.png,https://www.autohome.com.cn/5179/#pvareaid=6861512,长安
1,燃油车,2026-01,8,2429,逸动,13895.0,7.29-9.99万,https://www.autohome.com.cn/2429/#pvareaid=6861512,public/autohome_energy/guochan/images/1/8_7_逸动.png,https://www.autohome.com.cn/2429/#pvareaid=6861512,长安
1,燃油车,2026-01,9,6664,艾瑞泽8,12478.0,9.99-14.89万,https://www.autohome.com.cn/6664/#pvareaid=6861512,public/autohome_energy/guochan/images/1/9_8_艾瑞泽8.png,https://www.autohome.com.cn/6664/#pvareaid=6861512,奇瑞
1,燃油车,2026-01,10,5770,哈弗大狗,11275.0,12.39-14.99万,https://www.autohome.com.cn/5770/#pvareaid=6861512,public/autohome_energy/guochan/images/1/10_9_哈弗大狗.png,https://www.autohome.com.cn/5770/#pvareaid=6861512,哈弗
1,燃油车,2026-01,11,3495,传祺GS3,9757.0,7.98-9.98万,https://www.autohome.com.cn/3495/#pvareaid=6861512,public/autohome_energy/guochan/images/1/11_10_传祺GS3.png,https://www.autohome.com.cn/3495/#pvareaid=6861512,广汽传祺
1,燃油车,2026-01,12,7552,长安X5 PLUS,9527.0,6.99-10.39万,https://www.autohome.com.cn/7552/#pvareaid=6861512,public/autohome_energy/guochan/images/1/12_11_长安X5_PLUS.png,https://www.autohome.com.cn/7552/#pvareaid=6861512,长安
1,燃油车,2026-01,13,4701,缤越,8233.0,6.68-9.78万,https://www.autohome.com.cn/4701/#pvareaid=6861512,public/autohome_energy/guochan/images/1/13_12_缤越.png,https://www.autohome.com.cn/4701/#pvareaid=6861512,吉利汽车
1,燃油车,2026-01,14,4402,领克03,6402.0,12.18-42.03万,https://www.autohome.com.cn/4402/#pvareaid=6861512,public/autohome_energy/guochan/images/1/14_13_领克03.png,https://www.autohome.com.cn/4402/#pvareaid=6861512,领克
1,燃油车,2026-01,15,4869,荣威i5,5900.0,6.89-12.58万,https://www.autohome.com.cn/4869/#pvareaid=6861512,public/autohome_energy/guochan/images/1/15_14_荣威i5.png,https://www.autohome.com.cn/4869/#pvareaid=6861512,荣威
1,燃油车,2026-01,16,7072,瑞虎9,5857.0,14.79-20.99万,https://www.autohome.com.cn/7072/#pvareaid=6861512,public/autohome_energy/guochan/images/1/16_15_瑞虎9.png,https://www.autohome.com.cn/7072/#pvareaid=6861512,奇瑞
1,燃油车,2026-01,17,4174,传祺M8,5445.0,18.98-23.98万,https://www.autohome.com.cn/4174/#pvareaid=6861512,public/autohome_energy/guochan/images/1/17_16_传祺M8.png,https://www.autohome.com.cn/4174/#pvareaid=6861512,广汽传祺
1,燃油车,2026-01,18,8188,星光730,5279.0,7.30-9.18万,https://www.autohome.com.cn/8188/#pvareaid=6861512,public/autohome_energy/guochan/images/1/18_17_星光730.png,https://www.autohome.com.cn/8188/#pvareaid=6861512,五菱汽车
1,燃油车,2026-01,19,4683,捷途X70,5223.0,9.99-14.99万,https://www.autohome.com.cn/4683/#pvareaid=6861512,public/autohome_energy/guochan/images/1/19_18_捷途X70.png,https://www.autohome.com.cn/4683/#pvareaid=6861512,捷途
1,燃油车,2026-01,20,5498,长安CS55PLUS,5223.0,9.29-11.39万,https://www.autohome.com.cn/5498/#pvareaid=6861512,public/autohome_energy/guochan/images/1/20_19_长安CS55PLUS.png,https://www.autohome.com.cn/5498/#pvareaid=6861512,长安
1,燃油车,2026-01,21,2139,五菱宏光,5196.0,4.60-6.09万,https://www.autohome.com.cn/2139/#pvareaid=6861512,public/autohome_energy/guochan/images/1/21_20_五菱宏光.png,https://www.autohome.com.cn/2139/#pvareaid=6861512,五菱汽车
1,燃油车,2026-01,22,2123,哈弗H6,4984.0,9.89-14.39万,https://www.autohome.com.cn/2123/#pvareaid=6861512,public/autohome_energy/guochan/images/1/22_21_哈弗H6.png,https://www.autohome.com.cn/2123/#pvareaid=6861512,哈弗
1,燃油车,2026-01,23,5771,北京越野BJ30,4868.0,9.99-13.69万,https://www.autohome.com.cn/5771/#pvareaid=6861512,public/autohome_energy/guochan/images/1/23_22_北京越野BJ30.png,https://www.autohome.com.cn/5771/#pvareaid=6861512,北京越野
1,燃油车,2026-01,24,5048,红旗HS5,4706.0,18.38-24.98万,https://www.autohome.com.cn/5048/#pvareaid=6861512,public/autohome_energy/guochan/images/1/24_23_红旗HS5.png,https://www.autohome.com.cn/5048/#pvareaid=6861512,红旗
1,燃油车,2026-01,25,5174,五菱宏光V,4626.0,4.46-5.28万,https://www.autohome.com.cn/5174/#pvareaid=6861512,public/autohome_energy/guochan/images/1/25_24_五菱宏光V.png,https://www.autohome.com.cn/5174/#pvareaid=6861512,五菱汽车
1,燃油车,2026-01,26,8217,星光560,4522.0,6.28-7.58万,https://www.autohome.com.cn/8217/#pvareaid=6861512,public/autohome_energy/guochan/images/1/26_25_星光560.png,https://www.autohome.com.cn/8217/#pvareaid=6861512,五菱汽车
1,燃油车,2026-01,27,6606,捷途旅行者,4224.0,13.99-23.99万,https://www.autohome.com.cn/6606/#pvareaid=6861512,public/autohome_energy/guochan/images/1/27_26_捷途旅行者.png,https://www.autohome.com.cn/6606/#pvareaid=6861512,捷途
1,燃油车,2026-01,28,5810,坦克300,3929.0,19.98-23.48万,https://www.autohome.com.cn/5810/#pvareaid=6861512,public/autohome_energy/guochan/images/1/28_27_坦克300.png,https://www.autohome.com.cn/5810/#pvareaid=6861512,坦克
1,燃油车,2026-01,29,4080,荣威RX5,3895.0,9.99-15.59万,https://www.autohome.com.cn/4080/#pvareaid=6861512,public/autohome_energy/guochan/images/1/29_28_荣威RX5.png,https://www.autohome.com.cn/4080/#pvareaid=6861512,荣威
1,燃油车,2026-01,30,532,MG5,3686.0,6.79-9.89万,https://www.autohome.com.cn/532/#pvareaid=6861512,public/autohome_energy/guochan/images/1/30_29_MG5.png,https://www.autohome.com.cn/532/#pvareaid=6861512,名爵
1,燃油车,2026-01,31,6335,长安UNI-V,3676.0,10.29-13.99万,https://www.autohome.com.cn/6335/#pvareaid=6861512,public/autohome_energy/guochan/images/1/31_30_长安UNI-V.png,https://www.autohome.com.cn/6335/#pvareaid=6861512,长安
1,燃油车,2026-01,32,4531,瑞虎5x,3516.0,5.99-9.99万,https://www.autohome.com.cn/4531/#pvareaid=6861512,public/autohome_energy/guochan/images/1/32_31_瑞虎5x.png,https://www.autohome.com.cn/4531/#pvareaid=6861512,奇瑞
1,燃油车,2026-01,33,4094,传祺GS8,3434.0,15.98-20.58万,https://www.autohome.com.cn/4094/#pvareaid=6861512,public/autohome_energy/guochan/images/1/33_32_传祺GS8.png,https://www.autohome.com.cn/4094/#pvareaid=6861512,广汽传祺
1,燃油车,2026-01,34,623,北京越野BJ40,3118.0,14.58-22.98万,https://www.autohome.com.cn/623/#pvareaid=6861512,public/autohome_energy/guochan/images/1/34_33_北京越野BJ40.png,https://www.autohome.com.cn/623/#pvareaid=6861512,北京越野
1,燃油车,2026-01,35,3766,瑞虎7,2982.0,7.49-9.79万,https://www.autohome.com.cn/3766/#pvareaid=6861512,public/autohome_energy/guochan/images/1/35_34_瑞虎7.png,https://www.autohome.com.cn/3766/#pvareaid=6861512,奇瑞
1,燃油车,2026-01,36,4662,传祺M6,2912.0,9.98-13.28万,https://www.autohome.com.cn/4662/#pvareaid=6861512,public/autohome_energy/guochan/images/1/36_35_传祺M6.png,https://www.autohome.com.cn/4662/#pvareaid=6861512,广汽传祺
1,燃油车,2026-01,37,6978,豪越L,2633.0,9.99-15.39万,https://www.autohome.com.cn/6978/#pvareaid=6861512,public/autohome_energy/guochan/images/1/37_36_豪越L.png,https://www.autohome.com.cn/6978/#pvareaid=6861512,吉利汽车
1,燃油车,2026-01,38,6291,捷途大圣,2606.0,6.99-13.68万,https://www.autohome.com.cn/6291/#pvareaid=6861512,public/autohome_energy/guochan/images/1/38_37_捷途大圣.png,https://www.autohome.com.cn/6291/#pvareaid=6861512,捷途
1,燃油车,2026-01,39,3204,长安CS75,2565.0,9.79-11.99万,https://www.autohome.com.cn/3204/#pvareaid=6861512,public/autohome_energy/guochan/images/1/39_38_长安CS75.png,https://www.autohome.com.cn/3204/#pvareaid=6861512,长安
1,燃油车,2026-01,40,2451,五菱荣光,1982.0,5.10-5.76万,https://www.autohome.com.cn/2451/#pvareaid=6861512,public/autohome_energy/guochan/images/1/40_39_五菱荣光.png,https://www.autohome.com.cn/2451/#pvareaid=6861512,五菱汽车
1,燃油车,2026-01,41,3405,艾瑞泽5,1882.0,5.99-6.99万,https://www.autohome.com.cn/3405/#pvareaid=6861512,public/autohome_energy/guochan/images/1/41_40_艾瑞泽5.png,https://www.autohome.com.cn/3405/#pvareaid=6861512,奇瑞
1,燃油车,2026-01,42,5555,领克06,1881.0,10.86-12.98万,https://www.autohome.com.cn/5555/#pvareaid=6861512,public/autohome_energy/guochan/images/1/42_41_领克06.png,https://www.autohome.com.cn/5555/#pvareaid=6861512,领克
1,燃油车,2026-01,43,7828,捷途自由者,1798.0,12.49-15.49万,https://www.autohome.com.cn/7828/#pvareaid=6861512,public/autohome_energy/guochan/images/1/43_42_捷途自由者.png,https://www.autohome.com.cn/7828/#pvareaid=6861512,捷途
1,燃油车,2026-01,44,6144,领克09,1787.0,23.88-26.58万,https://www.autohome.com.cn/6144/#pvareaid=6861512,public/autohome_energy/guochan/images/1/44_43_领克09.png,https://www.autohome.com.cn/6144/#pvareaid=6861512,领克
1,燃油车,2026-01,45,2456,五菱之光,1785.0,3.51-3.79万,https://www.autohome.com.cn/2456/#pvareaid=6861512,public/autohome_energy/guochan/images/1/45_44_五菱之光.png,https://www.autohome.com.cn/2456/#pvareaid=6861512,五菱汽车
1,燃油车,2026-01,46,7798,212 T01,1608.0,13.99-21.99万,https://www.autohome.com.cn/7798/#pvareaid=6861512,public/autohome_energy/guochan/images/1/46_45_212_T01.png,https://www.autohome.com.cn/7798/#pvareaid=6861512,212
1,燃油车,2026-01,47,5944,影豹,1457.0,11.80-15.80万,https://www.autohome.com.cn/5944/#pvareaid=6861512,public/autohome_energy/guochan/images/1/47_46_影豹.png,https://www.autohome.com.cn/5944/#pvareaid=6861512,广汽传祺
1,燃油车,2026-01,48,3955,新海狮X30L,1435.0,4.99-5.49万,https://www.autohome.com.cn/3955/#pvareaid=6861512,public/autohome_energy/guochan/images/1/48_47_新海狮X30L.png,https://www.autohome.com.cn/3955/#pvareaid=6861512,金杯
1,燃油车,2026-01,49,4221,领克01,1263.0,14.98-18.18万,https://www.autohome.com.cn/4221/#pvareaid=6861512,public/autohome_energy/guochan/images/1/49_48_领克01.png,https://www.autohome.com.cn/4221/#pvareaid=6861512,领克
1,燃油车,2026-01,50,4813,吉利ICON,1228.0,8.98-9.58万,https://www.autohome.com.cn/4813/#pvareaid=6861512,public/autohome_energy/guochan/images/1/50_49_吉利ICON.png,https://www.autohome.com.cn/4813/#pvareaid=6861512,吉利汽车
456,新能源,2026-01,1,7793,小米YU7,37869.0,23.35-38.99万,https://www.autohome.com.cn/7793/#pvareaid=6861512,public/autohome_energy/guochan/images/456/1_0_小米YU7.png,https://www.autohome.com.cn/7793/#pvareaid=6861512,小米汽车
456,新能源,2026-01,2,7806,星愿,29007.0,6.88-8.78万,https://www.autohome.com.cn/7806/#pvareaid=6861512,public/autohome_energy/guochan/images/456/2_1_星愿.png,https://www.autohome.com.cn/7806/#pvareaid=6861512,吉利银河
456,新能源,2026-01,3,6643,问界M7,26454.0,24.98-38.98万,https://www.autohome.com.cn/6643/#pvareaid=6861512,public/autohome_energy/guochan/images/456/3_2_问界M7.png,https://www.autohome.com.cn/6643/#pvareaid=6861512,AITO 问界
456,新能源,2026-01,4,4427,蔚来ES8,17645.0,40.68-45.68万,https://www.autohome.com.cn/4427/#pvareaid=6861512,public/autohome_energy/guochan/images/456/4_3_蔚来ES8.png,https://www.autohome.com.cn/4427/#pvareaid=6861512,蔚来
456,新能源,2026-01,5,8171,钛7,17116.0,17.98-23.98万,https://www.autohome.com.cn/8171/#pvareaid=6861512,public/autohome_energy/guochan/images/456/5_4_钛7.png,https://www.autohome.com.cn/8171/#pvareaid=6861512,方程豹
456,新能源,2026-01,6,8183,理想i6,16883.0,24.98-26.98万,https://www.autohome.com.cn/8183/#pvareaid=6861512,public/autohome_energy/guochan/images/456/6_5_理想i6.png,https://www.autohome.com.cn/8183/#pvareaid=6861512,理想汽车
456,新能源,2026-01,7,6651,MG4,10007.0,6.88-10.28万,https://www.autohome.com.cn/6651/#pvareaid=6861512,public/autohome_energy/guochan/images/456/7_6_MG4.png,https://www.autohome.com.cn/6651/#pvareaid=6861512,名爵
456,新能源,2026-01,8,5279,宋Pro新能源,7481.0,10.28-13.38万,https://www.autohome.com.cn/5279/#pvareaid=6861512,public/autohome_energy/guochan/images/456/8_7_宋Pro新能源.png,https://www.autohome.com.cn/5279/#pvareaid=6861512,比亚迪
456,新能源,2026-01,9,8003,问界M8,7381.0,35.98-45.98万,https://www.autohome.com.cn/8003/#pvareaid=6861512,public/autohome_energy/guochan/images/456/9_8_问界M8.png,https://www.autohome.com.cn/8003/#pvareaid=6861512,AITO 问界
456,新能源,2026-01,10,5714,宏光MINIEV,7133.0,3.58-5.58万,https://www.autohome.com.cn/5714/#pvareaid=6861512,public/autohome_energy/guochan/images/456/10_9_宏光MINIEV.png,https://www.autohome.com.cn/5714/#pvareaid=6861512,五菱汽车
456,新能源,2026-01,11,5964,秦PLUS,6983.0,7.98-17.98万,https://www.autohome.com.cn/5964/#pvareaid=6861512,public/autohome_energy/guochan/images/456/11_10_秦PLUS.png,https://www.autohome.com.cn/5964/#pvareaid=6861512,比亚迪
456,新能源,2026-01,12,6998,小鹏MONA M03,6718.0,11.98-15.18万,https://www.autohome.com.cn/6998/#pvareaid=6861512,public/autohome_energy/guochan/images/456/12_11_小鹏MONA_M03.png,https://www.autohome.com.cn/6998/#pvareaid=6861512,小鹏
456,新能源,2026-01,13,7076,魏牌 高山,6707.0,27.28-35.38万,https://www.autohome.com.cn/7076/#pvareaid=6861512,public/autohome_energy/guochan/images/456/13_12_魏牌_高山.png,https://www.autohome.com.cn/7076/#pvareaid=6861512,魏牌
456,新能源,2026-01,14,8087,海狮06,6640.0,13.98-19.98万,https://www.autohome.com.cn/8087/#pvareaid=6861512,public/autohome_energy/guochan/images/456/14_13_海狮06.png,https://www.autohome.com.cn/8087/#pvareaid=6861512,比亚迪
456,新能源,2026-01,15,7835,极氪9X,6603.0,46.59-59.99万,https://www.autohome.com.cn/7835/#pvareaid=6861512,public/autohome_energy/guochan/images/456/15_14_极氪9X.png,https://www.autohome.com.cn/7835/#pvareaid=6861512,极氪
456,新能源,2026-01,16,7165,银河M9,6592.0,18.38-26.98万,https://www.autohome.com.cn/7165/#pvareaid=6861512,public/autohome_energy/guochan/images/456/16_15_银河M9.png,https://www.autohome.com.cn/7165/#pvareaid=6861512,吉利银河
456,新能源,2026-01,17,7777,极氪7X,6468.0,22.98-26.98万,https://www.autohome.com.cn/7777/#pvareaid=6861512,public/autohome_energy/guochan/images/456/17_16_极氪7X.png,https://www.autohome.com.cn/7777/#pvareaid=6861512,极氪
456,新能源,2026-01,18,8245,AION i60,6351.0,10.28-13.58万,https://www.autohome.com.cn/8245/#pvareaid=6861512,public/autohome_energy/guochan/images/456/18_17_AION_i60.png,https://www.autohome.com.cn/8245/#pvareaid=6861512,埃安
456,新能源,2026-01,19,8189,缤果S,6077.0,6.68-8.98万,https://www.autohome.com.cn/8189/#pvareaid=6861512,public/autohome_energy/guochan/images/456/19_18_缤果S.png,https://www.autohome.com.cn/8189/#pvareaid=6861512,五菱汽车
456,新能源,2026-01,20,8158,银河A7 EM,5912.0,8.98-13.18万,https://www.autohome.com.cn/8158/#pvareaid=6861512,public/autohome_energy/guochan/images/456/20_19_银河A7_EM.png,https://www.autohome.com.cn/8158/#pvareaid=6861512,吉利银河
456,新能源,2026-01,21,7588,海豹06,5882.0,9.68-13.98万,https://www.autohome.com.cn/7588/#pvareaid=6861512,public/autohome_energy/guochan/images/456/21_20_海豹06.png,https://www.autohome.com.cn/7588/#pvareaid=6861512,比亚迪
456,新能源,2026-01,22,7578,秦L,5877.0,9.68-15.38万,https://www.autohome.com.cn/7578/#pvareaid=6861512,public/autohome_energy/guochan/images/456/22_21_秦L.png,https://www.autohome.com.cn/7578/#pvareaid=6861512,比亚迪
456,新能源,2026-01,23,6139,海豚,5699.0,9.98-12.98万,https://www.autohome.com.cn/6139/#pvareaid=6861512,public/autohome_energy/guochan/images/456/23_22_海豚.png,https://www.autohome.com.cn/6139/#pvareaid=6861512,比亚迪
456,新能源,2026-01,24,7740,深蓝S05,5359.0,11.99-14.99万,https://www.autohome.com.cn/7740/#pvareaid=6861512,public/autohome_energy/guochan/images/456/24_23_深蓝S05.png,https://www.autohome.com.cn/7740/#pvareaid=6861512,深蓝汽车
456,新能源,2026-01,25,6762,海鸥,5329.0,6.98-8.59万,https://www.autohome.com.cn/6762/#pvareaid=6861512,public/autohome_energy/guochan/images/456/25_24_海鸥.png,https://www.autohome.com.cn/6762/#pvareaid=6861512,比亚迪
456,新能源,2026-01,26,5976,AION Y,5287.0,9.98-14.58万,https://www.autohome.com.cn/5976/#pvareaid=6861512,public/autohome_energy/guochan/images/456/26_25_AION_Y.png,https://www.autohome.com.cn/5976/#pvareaid=6861512,埃安
456,新能源,2026-01,27,7207,问界M9,5278.0,46.98-59.98万,https://www.autohome.com.cn/7207/#pvareaid=6861512,public/autohome_energy/guochan/images/456/27_26_问界M9.png,https://www.autohome.com.cn/7207/#pvareaid=6861512,AITO 问界
456,新能源,2026-01,28,7538,元UP,5251.0,7.48-11.98万,https://www.autohome.com.cn/7538/#pvareaid=6861512,public/autohome_energy/guochan/images/456/28_27_元UP.png,https://www.autohome.com.cn/7538/#pvareaid=6861512,比亚迪
456,新能源,2026-01,29,6950,理想L6,5025.0,24.98-27.98万,https://www.autohome.com.cn/6950/#pvareaid=6861512,public/autohome_energy/guochan/images/456/29_28_理想L6.png,https://www.autohome.com.cn/6950/#pvareaid=6861512,理想汽车
456,新能源,2026-01,30,7382,零跑C10,4729.0,12.28-14.28万,https://www.autohome.com.cn/7382/#pvareaid=6861512,public/autohome_energy/guochan/images/456/30_29_零跑C10.png,https://www.autohome.com.cn/7382/#pvareaid=6861512,零跑汽车
456,新能源,2026-01,31,8140,长安启源A06,4712.0,10.99-14.99万,https://www.autohome.com.cn/8140/#pvareaid=6861512,public/autohome_energy/guochan/images/456/31_30_长安启源A06.png,https://www.autohome.com.cn/8140/#pvareaid=6861512,长安启源
456,新能源,2026-01,32,8205,尚界H5,4681.0,15.98-19.98万,https://www.autohome.com.cn/8205/#pvareaid=6861512,public/autohome_energy/guochan/images/456/32_31_尚界H5.png,https://www.autohome.com.cn/8205/#pvareaid=6861512,尚界
456,新能源,2026-01,33,8241,长安启源Q05,4452.0,7.99-11.49万,https://www.autohome.com.cn/8241/#pvareaid=6861512,public/autohome_energy/guochan/images/456/33_32_长安启源Q05.png,https://www.autohome.com.cn/8241/#pvareaid=6861512,长安启源
456,新能源,2026-01,34,8207,享界S9T,4314.0,30.98-37.98万,https://www.autohome.com.cn/8207/#pvareaid=6861512,public/autohome_energy/guochan/images/456/34_33_享界S9T.png,https://www.autohome.com.cn/8207/#pvareaid=6861512,享界
456,新能源,2026-01,35,8086,极狐T1,4239.0,6.28-13.08万,https://www.autohome.com.cn/8086/#pvareaid=6861512,public/autohome_energy/guochan/images/456/35_34_极狐T1.png,https://www.autohome.com.cn/8086/#pvareaid=6861512,ARCFOX极狐
456,新能源,2026-01,36,7243,领克08 EM-P,4124.0,17.58-22.88万,https://www.autohome.com.cn/7243/#pvareaid=6861512,public/autohome_energy/guochan/images/456/36_35_领克08_EM-P.png,https://www.autohome.com.cn/7243/#pvareaid=6861512,领克
456,新能源,2026-01,37,7815,宋L DM-i,3972.0,13.58-17.58万,https://www.autohome.com.cn/7815/#pvareaid=6861512,public/autohome_energy/guochan/images/456/37_36_宋L_DM-i.png,https://www.autohome.com.cn/7815/#pvareaid=6861512,比亚迪
456,新能源,2026-01,38,7067,小鹏X9,3971.0,30.98-36.98万,https://www.autohome.com.cn/7067/#pvareaid=6861512,public/autohome_energy/guochan/images/456/38_37_小鹏X9.png,https://www.autohome.com.cn/7067/#pvareaid=6861512,小鹏
456,新能源,2026-01,39,7730,智界R7,3821.0,24.98-31.98万,https://www.autohome.com.cn/7730/#pvareaid=6861512,public/autohome_energy/guochan/images/456/39_38_智界R7.png,https://www.autohome.com.cn/7730/#pvareaid=6861512,智界
456,新能源,2026-01,40,8042,银河星耀8,3817.0,12.58-17.28万,https://www.autohome.com.cn/8042/#pvareaid=6861512,public/autohome_energy/guochan/images/456/40_39_银河星耀8.png,https://www.autohome.com.cn/8042/#pvareaid=6861512,吉利银河
456,新能源,2026-01,41,8203,红旗HS6 PHEV,3767.0,17.88-22.88万,https://www.autohome.com.cn/8203/#pvareaid=6861512,public/autohome_energy/guochan/images/456/41_40_红旗HS6_PHEV.png,https://www.autohome.com.cn/8203/#pvareaid=6861512,红旗
456,新能源,2026-01,42,6459,岚图梦想家,3574.0,30.99-70.99万,https://www.autohome.com.cn/6459/#pvareaid=6861512,public/autohome_energy/guochan/images/456/42_41_岚图梦想家.png,https://www.autohome.com.cn/6459/#pvareaid=6861512,岚图汽车
456,新能源,2026-01,43,5924,岚图FREE,3565.0,21.99-27.99万,https://www.autohome.com.cn/5924/#pvareaid=6861512,public/autohome_energy/guochan/images/456/43_42_岚图FREE.png,https://www.autohome.com.cn/5924/#pvareaid=6861512,岚图汽车
456,新能源,2026-01,44,7650,银河E5,3492.0,10.98-17.98万,https://www.autohome.com.cn/7650/#pvareaid=6861512,public/autohome_energy/guochan/images/456/44_43_银河E5.png,https://www.autohome.com.cn/7650/#pvareaid=6861512,吉利银河
456,新能源,2026-01,45,5576,领克07 EM-P,3489.0,15.58-17.58万,https://www.autohome.com.cn/5576/#pvareaid=6861512,public/autohome_energy/guochan/images/456/45_44_领克07_EM-P.png,https://www.autohome.com.cn/5576/#pvareaid=6861512,领克
456,新能源,2026-01,46,8176,领克10,3482.0,17.58-21.38万,https://www.autohome.com.cn/8176/#pvareaid=6861512,public/autohome_energy/guochan/images/456/46_45_领克10.png,https://www.autohome.com.cn/8176/#pvareaid=6861512,领克
456,新能源,2026-01,47,7864,银河星舰7,3309.0,10.18-12.98万,https://www.autohome.com.cn/7864/#pvareaid=6861512,public/autohome_energy/guochan/images/456/47_46_银河星舰7.png,https://www.autohome.com.cn/7864/#pvareaid=6861512,吉利银河
456,新能源,2026-01,48,5205,零跑C11,3246.0,14.98-16.58万,https://www.autohome.com.cn/5205/#pvareaid=6861512,public/autohome_energy/guochan/images/456/48_47_零跑C11.png,https://www.autohome.com.cn/5205/#pvareaid=6861512,零跑汽车
456,新能源,2026-01,49,5026,AION S,3148.0,,https://www.autohome.com.cn/5026/#pvareaid=6861512,public/autohome_energy/guochan/images/456/49_48_AION_S.png,https://www.autohome.com.cn/5026/#pvareaid=6861512,埃安
456,新能源,2026-01,50,7860,AION RT,3071.0,9.98-16.58万,https://www.autohome.com.cn/7860/#pvareaid=6861512,public/autohome_energy/guochan/images/456/50_49_AION_RT.png,https://www.autohome.com.cn/7860/#pvareaid=6861512,埃安
4,纯电动,2026-01,1,7793,小米YU7,37869.0,23.35-38.99万,https://www.autohome.com.cn/7793/#pvareaid=6861512,public/autohome_energy/guochan/images/4/1_0_小米YU7.png,https://www.autohome.com.cn/7793/#pvareaid=6861512,小米汽车
4,纯电动,2026-01,2,7806,星愿,29007.0,6.88-8.78万,https://www.autohome.com.cn/7806/#pvareaid=6861512,public/autohome_energy/guochan/images/4/2_1_星愿.png,https://www.autohome.com.cn/7806/#pvareaid=6861512,吉利银河
4,纯电动,2026-01,3,4427,蔚来ES8,17645.0,40.68-45.68万,https://www.autohome.com.cn/4427/#pvareaid=6861512,public/autohome_energy/guochan/images/4/3_2_蔚来ES8.png,https://www.autohome.com.cn/4427/#pvareaid=6861512,蔚来
4,纯电动,2026-01,4,8183,理想i6,16883.0,24.98-26.98万,https://www.autohome.com.cn/8183/#pvareaid=6861512,public/autohome_energy/guochan/images/4/4_3_理想i6.png,https://www.autohome.com.cn/8183/#pvareaid=6861512,理想汽车
4,纯电动,2026-01,5,6643,问界M7,13856.0,24.98-38.98万,https://www.autohome.com.cn/6643/#pvareaid=6861512,public/autohome_energy/guochan/images/4/5_4_问界M7.png,https://www.autohome.com.cn/6643/#pvareaid=6861512,AITO 问界
4,纯电动,2026-01,6,6651,MG4,10007.0,6.88-10.28万,https://www.autohome.com.cn/6651/#pvareaid=6861512,public/autohome_energy/guochan/images/4/6_5_MG4.png,https://www.autohome.com.cn/6651/#pvareaid=6861512,名爵
4,纯电动,2026-01,7,5714,宏光MINIEV,7133.0,3.58-5.58万,https://www.autohome.com.cn/5714/#pvareaid=6861512,public/autohome_energy/guochan/images/4/7_6_宏光MINIEV.png,https://www.autohome.com.cn/5714/#pvareaid=6861512,五菱汽车
4,纯电动,2026-01,8,6998,小鹏MONA M03,6718.0,11.98-15.18万,https://www.autohome.com.cn/6998/#pvareaid=6861512,public/autohome_energy/guochan/images/4/8_7_小鹏MONA_M03.png,https://www.autohome.com.cn/6998/#pvareaid=6861512,小鹏
4,纯电动,2026-01,9,7777,极氪7X,6468.0,22.98-26.98万,https://www.autohome.com.cn/7777/#pvareaid=6861512,public/autohome_energy/guochan/images/4/9_8_极氪7X.png,https://www.autohome.com.cn/7777/#pvareaid=6861512,极氪
4,纯电动,2026-01,10,8189,缤果S,6077.0,6.68-8.98万,https://www.autohome.com.cn/8189/#pvareaid=6861512,public/autohome_energy/guochan/images/4/10_9_缤果S.png,https://www.autohome.com.cn/8189/#pvareaid=6861512,五菱汽车
4,纯电动,2026-01,11,6139,海豚,5699.0,9.98-12.98万,https://www.autohome.com.cn/6139/#pvareaid=6861512,public/autohome_energy/guochan/images/4/11_10_海豚.png,https://www.autohome.com.cn/6139/#pvareaid=6861512,比亚迪
4,纯电动,2026-01,12,6762,海鸥,5329.0,6.98-8.59万,https://www.autohome.com.cn/6762/#pvareaid=6861512,public/autohome_energy/guochan/images/4/12_11_海鸥.png,https://www.autohome.com.cn/6762/#pvareaid=6861512,比亚迪
4,纯电动,2026-01,13,5976,AION Y,5287.0,9.98-14.58万,https://www.autohome.com.cn/5976/#pvareaid=6861512,public/autohome_energy/guochan/images/4/13_12_AION_Y.png,https://www.autohome.com.cn/5976/#pvareaid=6861512,埃安
4,纯电动,2026-01,14,7538,元UP,5251.0,7.48-11.98万,https://www.autohome.com.cn/7538/#pvareaid=6861512,public/autohome_energy/guochan/images/4/14_13_元UP.png,https://www.autohome.com.cn/7538/#pvareaid=6861512,比亚迪
4,纯电动,2026-01,15,8140,长安启源A06,4712.0,10.99-14.99万,https://www.autohome.com.cn/8140/#pvareaid=6861512,public/autohome_energy/guochan/images/4/15_14_长安启源A06.png,https://www.autohome.com.cn/8140/#pvareaid=6861512,长安启源
4,纯电动,2026-01,16,8241,长安启源Q05,4452.0,7.99-11.49万,https://www.autohome.com.cn/8241/#pvareaid=6861512,public/autohome_energy/guochan/images/4/16_15_长安启源Q05.png,https://www.autohome.com.cn/8241/#pvareaid=6861512,长安启源
4,纯电动,2026-01,17,7740,深蓝S05,4264.0,11.99-14.99万,https://www.autohome.com.cn/7740/#pvareaid=6861512,public/autohome_energy/guochan/images/4/17_16_深蓝S05.png,https://www.autohome.com.cn/7740/#pvareaid=6861512,深蓝汽车
4,纯电动,2026-01,18,8086,极狐T1,4239.0,6.28-13.08万,https://www.autohome.com.cn/8086/#pvareaid=6861512,public/autohome_energy/guochan/images/4/18_17_极狐T1.png,https://www.autohome.com.cn/8086/#pvareaid=6861512,ARCFOX极狐
4,纯电动,2026-01,19,8245,AION i60,4143.0,10.28-13.58万,https://www.autohome.com.cn/8245/#pvareaid=6861512,public/autohome_energy/guochan/images/4/19_18_AION_i60.png,https://www.autohome.com.cn/8245/#pvareaid=6861512,埃安
4,纯电动,2026-01,20,8087,海狮06,4004.0,13.98-19.98万,https://www.autohome.com.cn/8087/#pvareaid=6861512,public/autohome_energy/guochan/images/4/20_19_海狮06.png,https://www.autohome.com.cn/8087/#pvareaid=6861512,比亚迪
4,纯电动,2026-01,21,8207,享界S9T,3580.0,30.98-37.98万,https://www.autohome.com.cn/8207/#pvareaid=6861512,public/autohome_energy/guochan/images/4/21_20_享界S9T.png,https://www.autohome.com.cn/8207/#pvareaid=6861512,享界
4,纯电动,2026-01,22,7650,银河E5,3492.0,10.98-17.98万,https://www.autohome.com.cn/7650/#pvareaid=6861512,public/autohome_energy/guochan/images/4/22_21_银河E5.png,https://www.autohome.com.cn/7650/#pvareaid=6861512,吉利银河
4,纯电动,2026-01,23,7382,零跑C10,3421.0,12.28-14.28万,https://www.autohome.com.cn/7382/#pvareaid=6861512,public/autohome_energy/guochan/images/4/23_22_零跑C10.png,https://www.autohome.com.cn/7382/#pvareaid=6861512,零跑汽车
4,纯电动,2026-01,24,5026,AION S,3148.0,,https://www.autohome.com.cn/5026/#pvareaid=6861512,public/autohome_energy/guochan/images/4/24_23_AION_S.png,https://www.autohome.com.cn/5026/#pvareaid=6861512,埃安
4,纯电动,2026-01,25,7860,AION RT,3071.0,9.98-16.58万,https://www.autohome.com.cn/7860/#pvareaid=6861512,public/autohome_energy/guochan/images/4/25_24_AION_RT.png,https://www.autohome.com.cn/7860/#pvareaid=6861512,埃安
4,纯电动,2026-01,26,6091,极氪001,2956.0,26.98-36.50万,https://www.autohome.com.cn/6091/#pvareaid=6861512,public/autohome_energy/guochan/images/4/26_25_极氪001.png,https://www.autohome.com.cn/6091/#pvareaid=6861512,极氪
4,纯电动,2026-01,27,7877,零跑B10,2906.0,9.98-14.98万,https://www.autohome.com.cn/7877/#pvareaid=6861512,public/autohome_energy/guochan/images/4/27_26_零跑B10.png,https://www.autohome.com.cn/7877/#pvareaid=6861512,零跑汽车
4,纯电动,2026-01,28,7554,小鹏P7+,2745.0,18.68-20.88万,https://www.autohome.com.cn/7554/#pvareaid=6861512,public/autohome_energy/guochan/images/4/28_27_小鹏P7.png,https://www.autohome.com.cn/7554/#pvareaid=6861512,小鹏
4,纯电动,2026-01,29,7990,firefly萤火虫,2737.0,11.98-12.58万,https://www.autohome.com.cn/7990/#pvareaid=6861512,public/autohome_energy/guochan/images/4/29_28_firefly萤火虫.png,https://www.autohome.com.cn/7990/#pvareaid=6861512,firefly萤火虫
4,纯电动,2026-01,30,7730,智界R7,2641.0,24.98-31.98万,https://www.autohome.com.cn/7730/#pvareaid=6861512,public/autohome_energy/guochan/images/4/30_29_智界R7.png,https://www.autohome.com.cn/7730/#pvareaid=6861512,智界
4,纯电动,2026-01,31,7045,五菱缤果,2620.0,5.68-8.48万,https://www.autohome.com.cn/7045/#pvareaid=6861512,public/autohome_energy/guochan/images/4/31_30_五菱缤果.png,https://www.autohome.com.cn/7045/#pvareaid=6861512,五菱汽车
4,纯电动,2026-01,32,6002,红旗E-QM5,2549.0,8.98-23.98万,https://www.autohome.com.cn/6002/#pvareaid=6861512,public/autohome_energy/guochan/images/4/32_31_红旗E-QM5.png,https://www.autohome.com.cn/6002/#pvareaid=6861512,红旗
4,纯电动,2026-01,33,7674,零跑C16,2410.0,15.18-18.98万,https://www.autohome.com.cn/7674/#pvareaid=6861512,public/autohome_energy/guochan/images/4/33_32_零跑C16.png,https://www.autohome.com.cn/7674/#pvareaid=6861512,零跑汽车
4,纯电动,2026-01,34,5205,零跑C11,2392.0,14.98-16.58万,https://www.autohome.com.cn/5205/#pvareaid=6861512,public/autohome_energy/guochan/images/4/34_33_零跑C11.png,https://www.autohome.com.cn/5205/#pvareaid=6861512,零跑汽车
4,纯电动,2026-01,35,7588,海豹06,2314.0,9.68-13.98万,https://www.autohome.com.cn/7588/#pvareaid=6861512,public/autohome_energy/guochan/images/4/35_34_海豹06.png,https://www.autohome.com.cn/7588/#pvareaid=6861512,比亚迪
4,纯电动,2026-01,36,6298,元PLUS,2281.0,11.58-14.99万,https://www.autohome.com.cn/6298/#pvareaid=6861512,public/autohome_energy/guochan/images/4/36_35_元PLUS.png,https://www.autohome.com.cn/6298/#pvareaid=6861512,比亚迪
4,纯电动,2026-01,37,7918,AION UT,2200.0,6.98-10.18万,https://www.autohome.com.cn/7918/#pvareaid=6861512,public/autohome_energy/guochan/images/4/37_36_AION_UT.png,https://www.autohome.com.cn/7918/#pvareaid=6861512,埃安
4,纯电动,2026-01,38,8003,问界M8,2153.0,35.98-45.98万,https://www.autohome.com.cn/8003/#pvareaid=6861512,public/autohome_energy/guochan/images/4/38_37_问界M8.png,https://www.autohome.com.cn/8003/#pvareaid=6861512,AITO 问界
4,纯电动,2026-01,39,8006,零跑B01,2099.0,8.98-14.97万,https://www.autohome.com.cn/8006/#pvareaid=6861512,public/autohome_energy/guochan/images/4/39_38_零跑B01.png,https://www.autohome.com.cn/8006/#pvareaid=6861512,零跑汽车
4,纯电动,2026-01,40,7305,智己LS6,2090.0,22.49-28.49万,https://www.autohome.com.cn/7305/#pvareaid=6861512,public/autohome_energy/guochan/images/4/40_39_智己LS6.png,https://www.autohome.com.cn/7305/#pvareaid=6861512,智己汽车
4,纯电动,2026-01,41,7578,秦L,2077.0,9.68-15.38万,https://www.autohome.com.cn/7578/#pvareaid=6861512,public/autohome_energy/guochan/images/4/41_40_秦L.png,https://www.autohome.com.cn/7578/#pvareaid=6861512,比亚迪
4,纯电动,2026-01,42,6924,熊猫,2015.0,4.69-5.39万,https://www.autohome.com.cn/6924/#pvareaid=6861512,public/autohome_energy/guochan/images/4/42_41_熊猫.png,https://www.autohome.com.cn/6924/#pvareaid=6861512,吉利银河
4,纯电动,2026-01,43,7491,极氪007,2012.0,20.39-29.99万,https://www.autohome.com.cn/7491/#pvareaid=6861512,public/autohome_energy/guochan/images/4/43_42_极氪007.png,https://www.autohome.com.cn/7491/#pvareaid=6861512,极氪
4,纯电动,2026-01,44,7687,乐道L60,1978.0,20.69-25.59万,https://www.autohome.com.cn/7687/#pvareaid=6861512,public/autohome_energy/guochan/images/4/44_43_乐道L60.png,https://www.autohome.com.cn/7687/#pvareaid=6861512,乐道
4,纯电动,2026-01,45,8278,零跑Lafa5,1807.0,9.78-12.98万,https://www.autohome.com.cn/8278/#pvareaid=6861512,public/autohome_energy/guochan/images/4/45_44_零跑Lafa5.png,https://www.autohome.com.cn/8278/#pvareaid=6861512,零跑汽车
4,纯电动,2026-01,46,8205,尚界H5,1798.0,15.98-19.98万,https://www.autohome.com.cn/8205/#pvareaid=6861512,public/autohome_energy/guochan/images/4/46_45_尚界H5.png,https://www.autohome.com.cn/8205/#pvareaid=6861512,尚界
4,纯电动,2026-01,47,5964,秦PLUS,1675.0,7.98-17.98万,https://www.autohome.com.cn/5964/#pvareaid=6861512,public/autohome_energy/guochan/images/4/47_46_秦PLUS.png,https://www.autohome.com.cn/5964/#pvareaid=6861512,比亚迪
4,纯电动,2026-01,48,7364,纳米01,1675.0,5.98-13.98万,https://www.autohome.com.cn/7364/#pvareaid=6861512,public/autohome_energy/guochan/images/4/48_47_纳米01.png,https://www.autohome.com.cn/7364/#pvareaid=6861512,东风奕派
4,纯电动,2026-01,49,8244,深蓝L06,1656.0,12.59-15.69万,https://www.autohome.com.cn/8244/#pvareaid=6861512,public/autohome_energy/guochan/images/4/49_48_深蓝L06.png,https://www.autohome.com.cn/8244/#pvareaid=6861512,深蓝汽车
4,纯电动,2026-01,50,7982,海狮05 EV,1633.0,11.78-14.59万,https://www.autohome.com.cn/7982/#pvareaid=6861512,public/autohome_energy/guochan/images/4/50_49_海狮05_EV.png,https://www.autohome.com.cn/7982/#pvareaid=6861512,比亚迪
5,插电混动,2026-01,1,8171,钛7,17116.0,17.98-23.98万,https://www.autohome.com.cn/8171/#pvareaid=6861512,public/autohome_energy/guochan/images/5/1_0_钛7.png,https://www.autohome.com.cn/8171/#pvareaid=6861512,方程豹
5,插电混动,2026-01,2,5279,宋Pro新能源,7481.0,10.28-13.38万,https://www.autohome.com.cn/5279/#pvareaid=6861512,public/autohome_energy/guochan/images/5/2_1_宋Pro新能源.png,https://www.autohome.com.cn/5279/#pvareaid=6861512,比亚迪
5,插电混动,2026-01,3,7076,魏牌 高山,6707.0,27.28-35.38万,https://www.autohome.com.cn/7076/#pvareaid=6861512,public/autohome_energy/guochan/images/5/3_2_魏牌_高山.png,https://www.autohome.com.cn/7076/#pvareaid=6861512,魏牌
5,插电混动,2026-01,4,7835,极氪9X,6603.0,46.59-59.99万,https://www.autohome.com.cn/7835/#pvareaid=6861512,public/autohome_energy/guochan/images/5/4_3_极氪9X.png,https://www.autohome.com.cn/7835/#pvareaid=6861512,极氪
5,插电混动,2026-01,5,7165,银河M9,6592.0,18.38-26.98万,https://www.autohome.com.cn/7165/#pvareaid=6861512,public/autohome_energy/guochan/images/5/5_4_银河M9.png,https://www.autohome.com.cn/7165/#pvareaid=6861512,吉利银河
5,插电混动,2026-01,6,8158,银河A7 EM,5912.0,8.98-13.18万,https://www.autohome.com.cn/8158/#pvareaid=6861512,public/autohome_energy/guochan/images/5/6_5_银河A7_EM.png,https://www.autohome.com.cn/8158/#pvareaid=6861512,吉利银河
5,插电混动,2026-01,7,5964,秦PLUS,5308.0,7.98-17.98万,https://www.autohome.com.cn/5964/#pvareaid=6861512,public/autohome_energy/guochan/images/5/7_6_秦PLUS.png,https://www.autohome.com.cn/5964/#pvareaid=6861512,比亚迪
5,插电混动,2026-01,8,7243,领克08 EM-P,4124.0,17.58-22.88万,https://www.autohome.com.cn/7243/#pvareaid=6861512,public/autohome_energy/guochan/images/5/8_7_领克08_EM-P.png,https://www.autohome.com.cn/7243/#pvareaid=6861512,领克
5,插电混动,2026-01,9,7815,宋L DM-i,3972.0,13.58-17.58万,https://www.autohome.com.cn/7815/#pvareaid=6861512,public/autohome_energy/guochan/images/5/9_8_宋L_DM-i.png,https://www.autohome.com.cn/7815/#pvareaid=6861512,比亚迪
5,插电混动,2026-01,10,8042,银河星耀8,3817.0,12.58-17.28万,https://www.autohome.com.cn/8042/#pvareaid=6861512,public/autohome_energy/guochan/images/5/10_9_银河星耀8.png,https://www.autohome.com.cn/8042/#pvareaid=6861512,吉利银河
5,插电混动,2026-01,11,7578,秦L,3800.0,9.68-15.38万,https://www.autohome.com.cn/7578/#pvareaid=6861512,public/autohome_energy/guochan/images/5/11_10_秦L.png,https://www.autohome.com.cn/7578/#pvareaid=6861512,比亚迪
5,插电混动,2026-01,12,8203,红旗HS6 PHEV,3767.0,17.88-22.88万,https://www.autohome.com.cn/8203/#pvareaid=6861512,public/autohome_energy/guochan/images/5/12_11_红旗HS6_PHEV.png,https://www.autohome.com.cn/8203/#pvareaid=6861512,红旗
5,插电混动,2026-01,13,7588,海豹06,3568.0,9.68-13.98万,https://www.autohome.com.cn/7588/#pvareaid=6861512,public/autohome_energy/guochan/images/5/13_12_海豹06.png,https://www.autohome.com.cn/7588/#pvareaid=6861512,比亚迪
5,插电混动,2026-01,14,5576,领克07 EM-P,3489.0,15.58-17.58万,https://www.autohome.com.cn/5576/#pvareaid=6861512,public/autohome_energy/guochan/images/5/14_13_领克07_EM-P.png,https://www.autohome.com.cn/5576/#pvareaid=6861512,领克
5,插电混动,2026-01,15,8176,领克10,3482.0,17.58-21.38万,https://www.autohome.com.cn/8176/#pvareaid=6861512,public/autohome_energy/guochan/images/5/15_14_领克10.png,https://www.autohome.com.cn/8176/#pvareaid=6861512,领克
5,插电混动,2026-01,16,7864,银河星舰7,3309.0,10.18-12.98万,https://www.autohome.com.cn/7864/#pvareaid=6861512,public/autohome_energy/guochan/images/5/16_15_银河星舰7.png,https://www.autohome.com.cn/7864/#pvareaid=6861512,吉利银河
5,插电混动,2026-01,17,6459,岚图梦想家,3209.0,30.99-70.99万,https://www.autohome.com.cn/6459/#pvareaid=6861512,public/autohome_energy/guochan/images/5/17_16_岚图梦想家.png,https://www.autohome.com.cn/6459/#pvareaid=6861512,岚图汽车
5,插电混动,2026-01,18,7975,长安启源Q07,2799.0,12.98-17.98万,https://www.autohome.com.cn/7975/#pvareaid=6861512,public/autohome_energy/guochan/images/5/18_17_长安启源Q07.png,https://www.autohome.com.cn/7975/#pvareaid=6861512,长安启源
5,插电混动,2026-01,19,8087,海狮06,2636.0,13.98-19.98万,https://www.autohome.com.cn/8087/#pvareaid=6861512,public/autohome_energy/guochan/images/5/19_18_海狮06.png,https://www.autohome.com.cn/8087/#pvareaid=6861512,比亚迪
5,插电混动,2026-01,20,6669,腾势D9,2552.0,30.98-60.06万,https://www.autohome.com.cn/6669/#pvareaid=6861512,public/autohome_energy/guochan/images/5/20_19_腾势D9.png,https://www.autohome.com.cn/6669/#pvareaid=6861512,腾势
5,插电混动,2026-01,21,7981,海豹05 DM-i,2421.0,7.98-10.38万,https://www.autohome.com.cn/7981/#pvareaid=6861512,public/autohome_energy/guochan/images/5/21_20_海豹05_DM-i.png,https://www.autohome.com.cn/7981/#pvareaid=6861512,比亚迪
5,插电混动,2026-01,22,7323,东风风神L7,2314.0,9.49-22.45万,https://www.autohome.com.cn/7323/#pvareaid=6861512,public/autohome_energy/guochan/images/5/22_21_东风风神L7.png,https://www.autohome.com.cn/7323/#pvareaid=6861512,东风风神
5,插电混动,2026-01,23,8211,银河星耀6,2298.0,7.48-12.08万,https://www.autohome.com.cn/8211/#pvareaid=6861512,public/autohome_energy/guochan/images/5/23_22_银河星耀6.png,https://www.autohome.com.cn/8211/#pvareaid=6861512,吉利银河
5,插电混动,2026-01,24,7298,哈弗猛龙新能源,2192.0,17.38-20.88万,https://www.autohome.com.cn/7298/#pvareaid=6861512,public/autohome_energy/guochan/images/5/24_23_哈弗猛龙新能源.png,https://www.autohome.com.cn/7298/#pvareaid=6861512,哈弗
5,插电混动,2026-01,25,8149,东风风神L8,2190.0,12.99-25.99万,https://www.autohome.com.cn/8149/#pvareaid=6861512,public/autohome_energy/guochan/images/5/25_24_东风风神L8.png,https://www.autohome.com.cn/8149/#pvareaid=6861512,东风风神
5,插电混动,2026-01,26,8002,领克900,2098.0,29.98-41.69万,https://www.autohome.com.cn/8002/#pvareaid=6861512,public/autohome_energy/guochan/images/5/26_25_领克900.png,https://www.autohome.com.cn/8002/#pvareaid=6861512,领克
5,插电混动,2026-01,27,7512,长安UNI-Z新能源,2096.0,11.79-13.59万,https://www.autohome.com.cn/7512/#pvareaid=6861512,public/autohome_energy/guochan/images/5/27_26_长安UNI-Z新能源.png,https://www.autohome.com.cn/7512/#pvareaid=6861512,长安
5,插电混动,2026-01,28,7225,风云A9L,2094.0,14.99-23.69万,https://www.autohome.com.cn/7225/#pvareaid=6861512,public/autohome_energy/guochan/images/5/28_27_风云A9L.png,https://www.autohome.com.cn/7225/#pvareaid=6861512,奇瑞风云
5,插电混动,2026-01,29,7167,银河L6,2037.0,7.98-10.68万,https://www.autohome.com.cn/7167/#pvareaid=6861512,public/autohome_energy/guochan/images/5/29_28_银河L6.png,https://www.autohome.com.cn/7167/#pvareaid=6861512,吉利银河
5,插电混动,2026-01,30,8159,腾势N8L,2023.0,29.98-32.98万,https://www.autohome.com.cn/8159/#pvareaid=6861512,public/autohome_energy/guochan/images/5/30_29_腾势N8L.png,https://www.autohome.com.cn/8159/#pvareaid=6861512,腾势
5,插电混动,2026-01,31,8106,捷途山海L7 PLUS,1809.0,11.99-16.59万,https://www.autohome.com.cn/8106/#pvareaid=6861512,public/autohome_energy/guochan/images/5/31_30_捷途山海L7_PLUS.png,https://www.autohome.com.cn/8106/#pvareaid=6861512,捷途山海
5,插电混动,2026-01,32,7213,坦克400新能源,1762.0,28.58-31.98万,https://www.autohome.com.cn/7213/#pvareaid=6861512,public/autohome_energy/guochan/images/5/32_31_坦克400新能源.png,https://www.autohome.com.cn/7213/#pvareaid=6861512,坦克
5,插电混动,2026-01,33,6653,坦克500新能源,1631.0,33.50-38.50万,https://www.autohome.com.cn/6653/#pvareaid=6861512,public/autohome_energy/guochan/images/5/33_32_坦克500新能源.png,https://www.autohome.com.cn/6653/#pvareaid=6861512,坦克
5,插电混动,2026-01,34,8291,岚图泰山,1629.0,37.99-50.99万,https://www.autohome.com.cn/8291/#pvareaid=6861512,public/autohome_energy/guochan/images/5/34_33_岚图泰山.png,https://www.autohome.com.cn/8291/#pvareaid=6861512,岚图汽车
5,插电混动,2026-01,35,7329,传祺E8 PHEV,1561.0,23.28-23.88万,https://www.autohome.com.cn/7329/#pvareaid=6861512,public/autohome_energy/guochan/images/5/35_34_传祺E8_PHEV.png,https://www.autohome.com.cn/7329/#pvareaid=6861512,广汽传祺
5,插电混动,2026-01,36,3430,唐新能源,1502.0,17.98-20.78万,https://www.autohome.com.cn/3430/#pvareaid=6861512,public/autohome_energy/guochan/images/5/36_35_唐新能源.png,https://www.autohome.com.cn/3430/#pvareaid=6861512,比亚迪
5,插电混动,2026-01,37,8187,星光730新能源,1426.0,10.38-11.78万,https://www.autohome.com.cn/8187/#pvareaid=6861512,public/autohome_energy/guochan/images/5/37_36_星光730新能源.png,https://www.autohome.com.cn/8187/#pvareaid=6861512,五菱汽车
5,插电混动,2026-01,38,5499,汉,1324.0,16.88-22.58万,https://www.autohome.com.cn/5499/#pvareaid=6861512,public/autohome_energy/guochan/images/5/38_37_汉.png,https://www.autohome.com.cn/5499/#pvareaid=6861512,比亚迪
5,插电混动,2026-01,39,6977,蓝电E5,1194.0,9.98-15.39万,https://www.autohome.com.cn/6977/#pvareaid=6861512,public/autohome_energy/guochan/images/5/39_38_蓝电E5.png,https://www.autohome.com.cn/6977/#pvareaid=6861512,蓝电
5,插电混动,2026-01,40,7177,豹5,1178.0,23.98-32.98万,https://www.autohome.com.cn/7177/#pvareaid=6861512,public/autohome_energy/guochan/images/5/40_39_豹5.png,https://www.autohome.com.cn/7177/#pvareaid=6861512,方程豹
5,插电混动,2026-01,41,8023,纵横G700,1170.0,32.99-42.49万,https://www.autohome.com.cn/8023/#pvareaid=6861512,public/autohome_energy/guochan/images/5/41_40_纵横G700.png,https://www.autohome.com.cn/8023/#pvareaid=6861512,纵横
5,插电混动,2026-01,42,7345,捷途旅行者C-DM,1131.0,15.99-23.99万,https://www.autohome.com.cn/7345/#pvareaid=6861512,public/autohome_energy/guochan/images/5/42_41_捷途旅行者C-DM.png,https://www.autohome.com.cn/7345/#pvareaid=6861512,捷途山海
5,插电混动,2026-01,43,7442,风云T9,1060.0,11.99-19.39万,https://www.autohome.com.cn/7442/#pvareaid=6861512,public/autohome_energy/guochan/images/5/43_42_风云T9.png,https://www.autohome.com.cn/7442/#pvareaid=6861512,奇瑞风云
5,插电混动,2026-01,44,7673,红旗HS3 PHEV,1041.0,15.98-16.18万,https://www.autohome.com.cn/7673/#pvareaid=6861512,public/autohome_energy/guochan/images/5/44_43_红旗HS3_PHEV.png,https://www.autohome.com.cn/7673/#pvareaid=6861512,红旗
5,插电混动,2026-01,45,7928,传祺向往S7,1008.0,15.98-22.98万,https://www.autohome.com.cn/7928/#pvareaid=6861512,public/autohome_energy/guochan/images/5/45_44_传祺向往S7.png,https://www.autohome.com.cn/7928/#pvareaid=6861512,广汽传祺
5,插电混动,2026-01,46,8091,猛士M817,1008.0,30.19-36.99万,https://www.autohome.com.cn/8091/#pvareaid=6861512,public/autohome_energy/guochan/images/5/46_45_猛士M817.png,https://www.autohome.com.cn/8091/#pvareaid=6861512,猛士
5,插电混动,2026-01,47,8161,荣威M7 DMH,1001.0,9.78-20.98万,https://www.autohome.com.cn/8161/#pvareaid=6861512,public/autohome_energy/guochan/images/5/47_46_荣威M7_DMH.png,https://www.autohome.com.cn/8161/#pvareaid=6861512,荣威
5,插电混动,2026-01,48,7210,坦克300新能源,,,https://www.autohome.com.cn/7210/#pvareaid=6861512,public/autohome_energy/guochan/images/5/48_47_坦克300新能源.png,https://www.autohome.com.cn/7210/#pvareaid=6861512,坦克
5,插电混动,2026-01,49,8201,海豹06 DM-i旅行版,,10.98-13.99万,https://www.autohome.com.cn/8201/#pvareaid=6861512,public/autohome_energy/guochan/images/5/49_48_海豹06_DM-i旅行版.png,https://www.autohome.com.cn/8201/#pvareaid=6861512,比亚迪
5,插电混动,2026-01,50,6979,魏牌 蓝山,,29.98-32.68万,https://www.autohome.com.cn/6979/#pvareaid=6861512,public/autohome_energy/guochan/images/5/50_49_魏牌_蓝山.png,https://www.autohome.com.cn/6979/#pvareaid=6861512,魏牌
6,混动增程,2026-01,1,6643,问界M7,12598.0,24.98-38.98万,https://www.autohome.com.cn/6643/#pvareaid=6861512,public/autohome_energy/guochan/images/6/1_0_问界M7.png,https://www.autohome.com.cn/6643/#pvareaid=6861512,AITO 问界
6,混动增程,2026-01,2,8003,问界M8,5228.0,35.98-45.98万,https://www.autohome.com.cn/8003/#pvareaid=6861512,public/autohome_energy/guochan/images/6/2_1_问界M8.png,https://www.autohome.com.cn/8003/#pvareaid=6861512,AITO 问界
6,混动增程,2026-01,3,6950,理想L6,5025.0,24.98-27.98万,https://www.autohome.com.cn/6950/#pvareaid=6861512,public/autohome_energy/guochan/images/6/3_2_理想L6.png,https://www.autohome.com.cn/6950/#pvareaid=6861512,理想汽车
6,混动增程,2026-01,4,7207,问界M9,4704.0,46.98-59.98万,https://www.autohome.com.cn/7207/#pvareaid=6861512,public/autohome_energy/guochan/images/6/4_3_问界M9.png,https://www.autohome.com.cn/7207/#pvareaid=6861512,AITO 问界
6,混动增程,2026-01,5,7067,小鹏X9,3911.0,30.98-36.98万,https://www.autohome.com.cn/7067/#pvareaid=6861512,public/autohome_energy/guochan/images/6/5_4_小鹏X9.png,https://www.autohome.com.cn/7067/#pvareaid=6861512,小鹏
6,混动增程,2026-01,6,5924,岚图FREE,3565.0,21.99-27.99万,https://www.autohome.com.cn/5924/#pvareaid=6861512,public/autohome_energy/guochan/images/6/6_5_岚图FREE.png,https://www.autohome.com.cn/5924/#pvareaid=6861512,岚图汽车
6,混动增程,2026-01,7,8205,尚界H5,2883.0,15.98-19.98万,https://www.autohome.com.cn/8205/#pvareaid=6861512,public/autohome_energy/guochan/images/6/7_6_尚界H5.png,https://www.autohome.com.cn/8205/#pvareaid=6861512,尚界
6,混动增程,2026-01,8,7696,北京越野BJ40增程,2455.0,17.98-27.98万,https://www.autohome.com.cn/7696/#pvareaid=6861512,public/autohome_energy/guochan/images/6/8_7_北京越野BJ40增程.png,https://www.autohome.com.cn/7696/#pvareaid=6861512,北京越野
6,混动增程,2026-01,9,7927,尊界S800,2315.0,70.80-101.80万,https://www.autohome.com.cn/7927/#pvareaid=6861512,public/autohome_energy/guochan/images/6/9_8_尊界S800.png,https://www.autohome.com.cn/7927/#pvareaid=6861512,尊界
6,混动增程,2026-01,10,8245,AION i60,2208.0,10.28-13.58万,https://www.autohome.com.cn/8245/#pvareaid=6861512,public/autohome_energy/guochan/images/6/10_9_AION_i60.png,https://www.autohome.com.cn/8245/#pvareaid=6861512,埃安
6,混动增程,2026-01,11,6949,理想L7,2113.0,30.18-35.98万,https://www.autohome.com.cn/6949/#pvareaid=6861512,public/autohome_energy/guochan/images/6/11_10_理想L7.png,https://www.autohome.com.cn/6949/#pvareaid=6861512,理想汽车
6,混动增程,2026-01,12,8215,智己LS9,2113.0,33.28-36.28万,https://www.autohome.com.cn/8215/#pvareaid=6861512,public/autohome_energy/guochan/images/6/12_11_智己LS9.png,https://www.autohome.com.cn/8215/#pvareaid=6861512,智己汽车
6,混动增程,2026-01,13,7652,阿维塔07,1606.0,21.99-28.99万,https://www.autohome.com.cn/7652/#pvareaid=6861512,public/autohome_energy/guochan/images/6/13_12_阿维塔07.png,https://www.autohome.com.cn/7652/#pvareaid=6861512,阿维塔
6,混动增程,2026-01,14,8210,星途ET5,1426.0,14.49-16.49万,https://www.autohome.com.cn/8210/#pvareaid=6861512,public/autohome_energy/guochan/images/6/14_13_星途ET5.png,https://www.autohome.com.cn/8210/#pvareaid=6861512,星途
6,混动增程,2026-01,15,7382,零跑C10,1308.0,12.28-14.28万,https://www.autohome.com.cn/7382/#pvareaid=6861512,public/autohome_energy/guochan/images/6/15_14_零跑C10.png,https://www.autohome.com.cn/7382/#pvareaid=6861512,零跑汽车
6,混动增程,2026-01,16,7411,风云T11,1242.0,18.99-25.99万,https://www.autohome.com.cn/7411/#pvareaid=6861512,public/autohome_energy/guochan/images/6/16_15_风云T11.png,https://www.autohome.com.cn/7411/#pvareaid=6861512,奇瑞风云
6,混动增程,2026-01,17,7730,智界R7,1180.0,24.98-31.98万,https://www.autohome.com.cn/7730/#pvareaid=6861512,public/autohome_energy/guochan/images/6/17_16_智界R7.png,https://www.autohome.com.cn/7730/#pvareaid=6861512,智界
6,混动增程,2026-01,18,6910,理想L8,1173.0,32.18-37.98万,https://www.autohome.com.cn/6910/#pvareaid=6861512,public/autohome_energy/guochan/images/6/18_17_理想L8.png,https://www.autohome.com.cn/6910/#pvareaid=6861512,理想汽车
6,混动增程,2026-01,19,7740,深蓝S05,1095.0,11.99-14.99万,https://www.autohome.com.cn/7740/#pvareaid=6861512,public/autohome_energy/guochan/images/6/19_18_深蓝S05.png,https://www.autohome.com.cn/7740/#pvareaid=6861512,深蓝汽车
6,混动增程,2026-01,20,6576,理想L9,1047.0,45.98-50.98万,https://www.autohome.com.cn/6576/#pvareaid=6861512,public/autohome_energy/guochan/images/6/20_19_理想L9.png,https://www.autohome.com.cn/6576/#pvareaid=6861512,理想汽车
6,混动增程,2026-01,21,7302,极石01,1028.0,29.99-35.99万,https://www.autohome.com.cn/7302/#pvareaid=6861512,public/autohome_energy/guochan/images/6/21_20_极石01.png,https://www.autohome.com.cn/7302/#pvareaid=6861512,ROX极石
6,混动增程,2026-01,22,7979,深蓝S09,,23.99-30.99万,https://www.autohome.com.cn/7979/#pvareaid=6861512,public/autohome_energy/guochan/images/6/22_21_深蓝S09.png,https://www.autohome.com.cn/7979/#pvareaid=6861512,深蓝汽车
6,混动增程,2026-01,23,6817,深蓝S07,,15.69-17.49万,https://www.autohome.com.cn/6817/#pvareaid=6861512,public/autohome_energy/guochan/images/6/23_22_深蓝S07.png,https://www.autohome.com.cn/6817/#pvareaid=6861512,深蓝汽车
6,混动增程,2026-01,24,5205,零跑C11,,14.98-16.58万,https://www.autohome.com.cn/5205/#pvareaid=6861512,public/autohome_energy/guochan/images/6/24_23_零跑C11.png,https://www.autohome.com.cn/5205/#pvareaid=6861512,零跑汽车
6,混动增程,2026-01,25,6388,问界M5,,22.98-24.98万,https://www.autohome.com.cn/6388/#pvareaid=6861512,public/autohome_energy/guochan/images/6/25_24_问界M5.png,https://www.autohome.com.cn/6388/#pvareaid=6861512,AITO 问界
6,混动增程,2026-01,26,8207,享界S9T,,30.98-37.98万,https://www.autohome.com.cn/8207/#pvareaid=6861512,public/autohome_energy/guochan/images/6/26_25_享界S9T.png,https://www.autohome.com.cn/8207/#pvareaid=6861512,享界
6,混动增程,2026-01,27,6353,深蓝SL03,,12.99-14.69万,https://www.autohome.com.cn/6353/#pvareaid=6861512,public/autohome_energy/guochan/images/6/27_26_深蓝SL03.png,https://www.autohome.com.cn/6353/#pvareaid=6861512,深蓝汽车
6,混动增程,2026-01,28,7630,享界S9,,30.98-37.98万,https://www.autohome.com.cn/7630/#pvareaid=6861512,public/autohome_energy/guochan/images/6/28_27_享界S9.png,https://www.autohome.com.cn/7630/#pvareaid=6861512,享界
6,混动增程,2026-01,29,8436,银河V900,,29.98-36.98万,https://www.autohome.com.cn/8436/#pvareaid=6861512,public/autohome_energy/guochan/images/6/29_28_银河V900.png,https://www.autohome.com.cn/8436/#pvareaid=6861512,吉利银河
6,混动增程,2026-01,30,7752,阿维塔06,,20.99-27.99万,https://www.autohome.com.cn/7752/#pvareaid=6861512,public/autohome_energy/guochan/images/6/30_29_阿维塔06.png,https://www.autohome.com.cn/7752/#pvareaid=6861512,阿维塔
6,混动增程,2026-01,31,7738,深蓝L07,,14.59-17.09万,https://www.autohome.com.cn/7738/#pvareaid=6861512,public/autohome_energy/guochan/images/6/31_30_深蓝L07.png,https://www.autohome.com.cn/7738/#pvareaid=6861512,深蓝汽车
6,混动增程,2026-01,32,8266,仰望U8 L,,128.00-130.00万,https://www.autohome.com.cn/8266/#pvareaid=6861512,public/autohome_energy/guochan/images/6/32_31_仰望U8_L.png,https://www.autohome.com.cn/8266/#pvareaid=6861512,仰望
6,混动增程,2026-01,33,7569,深蓝G318,,18.59-22.99万,https://www.autohome.com.cn/7569/#pvareaid=6861512,public/autohome_energy/guochan/images/6/33_32_深蓝G318.png,https://www.autohome.com.cn/7569/#pvareaid=6861512,深蓝汽车
6,混动增程,2026-01,34,7781,五菱宏光新能源,,6.88-7.98万,https://www.autohome.com.cn/7781/#pvareaid=6861512,public/autohome_energy/guochan/images/6/34_33_五菱宏光新能源.png,https://www.autohome.com.cn/7781/#pvareaid=6861512,五菱汽车
6,混动增程,2026-01,35,7035,星纪元 ES,,15.28-29.99万,https://www.autohome.com.cn/7035/#pvareaid=6861512,public/autohome_energy/guochan/images/6/35_34_星纪元_ES.png,https://www.autohome.com.cn/7035/#pvareaid=6861512,星途
6,混动增程,2026-01,36,7209,长安启源A07,,11.99-16.59万,https://www.autohome.com.cn/7209/#pvareaid=6861512,public/autohome_energy/guochan/images/6/36_35_长安启源A07.png,https://www.autohome.com.cn/7209/#pvareaid=6861512,长安启源
6,混动增程,2026-01,37,7125,极狐 阿尔法T5,,11.38-15.88万,https://www.autohome.com.cn/7125/#pvareaid=6861512,public/autohome_energy/guochan/images/6/37_36_极狐_阿尔法T5.png,https://www.autohome.com.cn/7125/#pvareaid=6861512,ARCFOX极狐
6,混动增程,2026-01,38,7929,昊铂HL,,26.98-31.98万,https://www.autohome.com.cn/7929/#pvareaid=6861512,public/autohome_energy/guochan/images/6/38_37_昊铂HL.png,https://www.autohome.com.cn/7929/#pvareaid=6861512,广汽昊铂
6,混动增程,2026-01,39,8214,锐胜M8新能源,,15.98-27.98万,https://www.autohome.com.cn/8214/#pvareaid=6861512,public/autohome_energy/guochan/images/6/39_38_锐胜M8新能源.png,https://www.autohome.com.cn/8214/#pvareaid=6861512,北京汽车制造厂
6,混动增程,2026-01,40,7003,仰望U8,,,https://www.autohome.com.cn/7003/#pvareaid=6861512,public/autohome_energy/guochan/images/6/40_39_仰望U8.png,https://www.autohome.com.cn/7003/#pvareaid=6861512,仰望
6,混动增程,2026-01,41,7174,星纪元 ET,,18.98-31.98万,https://www.autohome.com.cn/7174/#pvareaid=6861512,public/autohome_energy/guochan/images/6/41_40_星纪元_ET.png,https://www.autohome.com.cn/7174/#pvareaid=6861512,星途
6,混动增程,2026-01,42,7513,北京越野BJ60增程,,25.98-30.48万,https://www.autohome.com.cn/7513/#pvareaid=6861512,public/autohome_energy/guochan/images/6/42_41_北京越野BJ60增程.png,https://www.autohome.com.cn/7513/#pvareaid=6861512,北京越野
6,混动增程,2026-01,43,8246,昊铂A800,,18.98-29.98万,https://www.autohome.com.cn/8246/#pvareaid=6861512,public/autohome_energy/guochan/images/6/43_42_昊铂A800.png,https://www.autohome.com.cn/8246/#pvareaid=6861512,广汽昊铂
6,混动增程,2026-01,44,6161,零跑C01,,13.68-19.98万,https://www.autohome.com.cn/6161/#pvareaid=6861512,public/autohome_energy/guochan/images/6/44_43_零跑C01.png,https://www.autohome.com.cn/6161/#pvareaid=6861512,零跑汽车
