セクション,項目,长安启源A07 2026款 超长蓝鲸增程版 310豪华型,长安启源A07 2026款 超长蓝鲸增程版 310旗舰型,长安启源A07 2026款 超长蓝鲸纯电版 730豪华型,长安启源A07 2026款 超长蓝鲸纯电版 730旗舰型,长安启源A07 2026款 550优享型,长安启源A07 2025款 增程 真香版 230 豪华版,长安启源A07 2025款 蓝鲸增程版 140精英型,长安启源A07 2025款 蓝鲸增程版 230尊贵型,长安启源A07 2025款 蓝鲸增程版 230旗舰型,长安启源A07 2025款 蓝鲸纯电版 515典藏型,长安启源A07 2025款 蓝鲸纯电版 525豪华型,长安启源A07 2025款 蓝鲸纯电版 525旗舰型,长安启源A07 2025款 蓝鲸纯电版 625豪华型,长安启源A07 2025款 蓝鲸纯电版 625旗舰型,长安启源A07 2025款 蓝鲸纯电版 710旗舰型
,厂商指导价(元),13.99万 计算器,14.99万 计算器,14.99万 计算器,15.99万 计算器,16.59万 计算器,13.99万 计算器,13.59万 计算器,14.59万 计算器,15.19万 计算器,11.99万 计算器,13.59万 计算器,14.59万 计算器,14.29万 计算器,15.39万 计算器,15.99万 计算器
,经销商报价,13.39万起,14.39万起,14.39万起,15.39万起,16.59万起,12.19万起,11.59万起,12.59万起,13.59万起,11.99万起,12.59万起,13.59万起,13.29万起,14.39万起,14.99万起
基本参数,厂商,长安启源,长安启源,长安启源,长安启源,长安启源,长安启源,长安启源,长安启源,长安启源,长安启源,长安启源,长安启源,长安启源,长安启源,长安启源
基本参数,级别,中大型车,中大型车,中大型车,中大型车,中大型车,中大型车,中大型车,中大型车,中大型车,中大型车,中大型车,中大型车,中大型车,中大型车,中大型车
基本参数,能源类型,增程式,增程式,纯电动,纯电动,纯电动,增程式,增程式,增程式,增程式,纯电动,纯电动,纯电动,纯电动,纯电动,纯电动
基本参数,环保标准,国VI,国VI,-,-,-,国VI,国VI,国VI,国VI,-,-,-,-,-,-
基本参数,上市时间,2025-09-10,2025-09-10,2025-09-10,2025-09-10,2025-09-22,2024-10-18,2025-02-11,2025-02-11,2025-02-11,2025-02-11,2025-02-11,2025-02-11,2025-02-11,2025-02-11,2025-02-11
基本参数,WLTC纯电续航里程(km),225,225,-,-,-,170,100,175,175,-,-,-,-,-,-
基本参数,CLTC纯电续航里程(km),310,310,730,730,550,230,140,230,230,515,525,525,625,625,710
基本参数,电池快充时间(小时),0.25,0.25,0.25,0.25,0.25,0.5,0.5,0.25,0.25,0.42,0.25,0.25,0.25,0.25,0.58
基本参数,电池快充电量范围(%),30-80,30-80,30-80,30-80,30-80,30-80,30-80,30-80,30-80,30-80,30-80,30-80,30-80,30-80,30-80
基本参数,最大功率(kW),200,200,190,190,200,160,175,160,160,190,190,190,190,190,160
基本参数,最大扭矩(N·m),290,290,290,290,290,320,320,320,320,320,320,320,320,320,320
基本参数,变速箱,电动车单速变速箱,电动车单速变速箱,电动车单速变速箱,电动车单速变速箱,电动车单速变速箱,电动车单速变速箱,电动车单速变速箱,电动车单速变速箱,电动车单速变速箱,电动车单速变速箱,电动车单速变速箱,电动车单速变速箱,电动车单速变速箱,电动车单速变速箱,电动车单速变速箱
基本参数,车身结构,5门5座掀背车,5门5座掀背车,5门5座掀背车,5门5座掀背车,5门5座掀背车,5门5座掀背车,5门5座掀背车,5门5座掀背车,5门5座掀背车,5门5座掀背车,5门5座掀背车,5门5座掀背车,5门5座掀背车,5门5座掀背车,5门5座掀背车
基本参数,发动机,增程器 98马力,增程器 98马力,-,-,-,增程器 95马力,增程器 95马力,增程器 98马力,增程器 98马力,-,-,-,-,-,-
基本参数,电动机(Ps),272,272,258,258,272,218,238,218,218,258,258,258,258,258,218
基本参数,长*宽*高(mm),4905*1910*1480,4905*1910*1480,4905*1910*1480,4905*1910*1480,4905*1910*1480,4905*1910*1480,4905*1910*1480,4905*1910*1480,4905*1910*1480,4905*1910*1480,4905*1910*1480,4905*1910*1480,4905*1910*1480,4905*1910*1480,4905*1910*1480
基本参数,官方0-100km/h加速(s),6.7,6.7,6.9,6.9,6.5,7.8,7.9,7.6,7.6,6.1,6.9,6.9,7.3,7.3,7.1
基本参数,最高车速(km/h),172,172,172,172,172,172,172,172,172,172,172,172,172,172,172
基本参数,WLTC综合油耗(L/100km),0.73,0.73,-,-,-,0.75,1.15,0.73,0.73,-,-,-,-,-,-
基本参数,最低荷电状态油耗(L/100km)WLTC,4.48,4.48,-,-,-,5.0,4.90,4.70,4.70,-,-,-,-,-,-
基本参数,最低荷电状态油耗(L/100km)NEDC,3.57,3.57,-,-,-,-,-,-,-,-,-,-,-,-,-
基本参数,最低荷电状态油耗(L/100km)CLTC,-,-,-,-,-,4.5,4.5,3.94,3.94,-,-,-,-,-,-
基本参数,电能当量燃料消耗量(L/100km),-,-,1.45,1.45,1.39,-,-,-,-,1.39,1.45,1.45,1.47,1.47,1.46
基本参数,油电综合燃料消耗量(L/100km),2.56,2.56,-,-,-,2.55,2.80,2.52,2.52,-,-,-,-,-,-
基本参数,整车质保,● 三年或12万公里,● 三年或12万公里,● 三年或12万公里,● 三年或12万公里,-,● 三年或12万公里,● 三年或12万公里,● 三年或12万公里,● 三年或12万公里,● 三年或12万公里,● 三年或12万公里,● 三年或12万公里,● 三年或12万公里,● 三年或12万公里,● 三年或15万公里
基本参数,整备质量(kg),1875,1875,1925,1925,1805,1810,1770,1845,1845,1755,1835,1835,1910,1910,1900
基本参数,最大满载质量(kg),2325,2325,2350,2350,2265,2255,2165,2275,2275,2190,2265,2265,2325,2325,2325
车身,长度(mm),4905,4905,4905,4905,4905,4905,4905,4905,4905,4905,4905,4905,4905,4905,4905
车身,宽度(mm),1910,1910,1910,1910,1910,1910,1910,1910,1910,1910,1910,1910,1910,1910,1910
车身,高度(mm),1480,1480,1480,1480,1480,1480,1480,1480,1480,1480,1480,1480,1480,1480,1480
车身,轴距(mm),2900,2900,2900,2900,2900,2900,2900,2900,2900,2900,2900,2900,2900,2900,2900
车身,前轮距(mm),1640,1640,1640,1640,1640,1640,1640,1640,1640,1640,1640,1640,1640,1640,1640
车身,后轮距(mm),1650,1650,1650,1650,1650,1650,1650,1650,1650,1650,1650,1650,1650,1650,1650
车身,接近角(°),15,15,15,15,15,15,15,15,15,15,15,15,15,15,15
车身,离去角(°),19,19,19,19,19,19,19,19,19,19,19,19,19,19,19
车身,车身结构,掀背车,掀背车,掀背车,掀背车,掀背车,掀背车,掀背车,掀背车,掀背车,掀背车,掀背车,掀背车,掀背车,掀背车,掀背车
车身,车门开启方式,平开门,平开门,平开门,平开门,平开门,平开门,平开门,平开门,平开门,平开门,平开门,平开门,平开门,平开门,平开门
车身,车门数(个),● 5,● 5,● 5,● 5,● 5,● 5,● 5,● 5,● 5,● 5,● 5,● 5,● 5,● 5,● 5
车身,座位数(个),● 5,● 5,● 5,● 5,● 5,● 5,● 5,● 5,● 5,● 5,● 5,● 5,● 5,● 5,● 5
车身,油箱容积(L),45,45,-,-,-,45,45,45,45,-,-,-,-,-,-
车身,前备厢容积(L),-,-,74,74,74,-,-,-,-,74,74,74,74,74,74
车身,后备厢容积(L),450-1100,450-1100,475-1125,475-1125,475-1125,450-1100,450-1100,450-1100,450-1100,475-1125,475-1125,475-1125,475-1125,475-1125,475-1125
车身,风阻系数(Cd),0.22,0.22,0.22,0.22,0.22,0.22,0.22,0.22,0.22,0.22,0.22,0.22,0.22,0.22,0.22
发动机,发动机型号,JL469Q1,JL469Q1,-,-,-,JL473QJ,JL473QJ,JL469Q1,JL469Q1,-,-,-,-,-,-
发动机,排量(mL),1497,1497,-,-,-,1480,1480,1497,1497,-,-,-,-,-,-
发动机,排量(L),1.5,1.5,-,-,-,1.5,1.5,1.5,1.5,-,-,-,-,-,-
发动机,进气形式,自然吸气,自然吸气,-,-,-,自然吸气,自然吸气,自然吸气,自然吸气,-,-,-,-,-,-
发动机,发动机布局,横置,横置,-,-,-,横置,横置,横置,横置,-,-,-,-,-,-
发动机,气缸排列形式,L,L,-,-,-,L,L,L,L,-,-,-,-,-,-
发动机,气缸数(个),4,4,-,-,-,4,4,4,4,-,-,-,-,-,-
发动机,每缸气门数(个),4,4,-,-,-,4,4,4,4,-,-,-,-,-,-
发动机,配气机构,DOHC,DOHC,-,-,-,DOHC,DOHC,DOHC,DOHC,-,-,-,-,-,-
发动机,最大马力(Ps),98,98,-,-,-,95,95,98,98,-,-,-,-,-,-
发动机,最大功率(kW),72,72,-,-,-,70,70,72,72,-,-,-,-,-,-
发动机,最大功率转速(rpm),5600,5600,-,-,-,-,-,5600,5600,-,-,-,-,-,-
发动机,最大扭矩(N·m),125,125,-,-,-,-,-,125,125,-,-,-,-,-,-
发动机,最大扭矩转速(rpm),3000,3000,-,-,-,-,-,3000,3000,-,-,-,-,-,-
发动机,最大净功率(kW),70,70,-,-,-,66,66,70,70,-,-,-,-,-,-
发动机,能源类型,增程式,增程式,纯电动,纯电动,纯电动,增程式,增程式,增程式,增程式,纯电动,纯电动,纯电动,纯电动,纯电动,纯电动
发动机,燃油标号,92号,92号,-,-,-,92号,92号,92号,92号,-,-,-,-,-,-
发动机,供油方式,多点电喷,多点电喷,-,-,-,多点电喷,多点电喷,多点电喷,多点电喷,-,-,-,-,-,-
发动机,缸盖材料,铝合金,铝合金,-,-,-,铝合金,铝合金,铝合金,铝合金,-,-,-,-,-,-
发动机,缸体材料,铝合金,铝合金,-,-,-,铝合金,铝合金,铝合金,铝合金,-,-,-,-,-,-
发动机,环保标准,国VI,国VI,-,-,-,国VI,国VI,国VI,国VI,-,-,-,-,-,-
电动机,后电动机型号,-,-,-,-,XTDM67,XTDM16,XTDM66,XTDM16,XTDM16,XTDM27,XTDM27,XTDM27,XTDM27,XTDM27,XTDM16
电动机,电机类型,永磁/同步,永磁/同步,永磁/同步,永磁/同步,永磁/同步,永磁/同步,永磁/同步,永磁/同步,永磁/同步,永磁/同步,永磁/同步,永磁/同步,永磁/同步,永磁/同步,永磁/同步
电动机,电动机总功率(kW),200,200,190,190,200,160,175,160,160,190,190,190,190,190,160
电动机,电动机总马力(Ps),272,272,258,258,272,218,238,218,218,258,258,258,258,258,218
电动机,电动机总扭矩(N·m),290,290,290,290,290,320,320,320,320,320,320,320,320,320,320
电动机,后电动机最大功率(kW),200,200,190,190,200,160,175,160,160,190,190,190,190,190,160
电动机,后电动机最大扭矩(N·m),290,290,290,290,290,320,320,320,320,320,320,320,320,320,320
电动机,驱动电机数,单电机,单电机,单电机,单电机,单电机,单电机,单电机,单电机,单电机,单电机,单电机,单电机,单电机,单电机,单电机
电动机,电机布局,后置,后置,后置,后置,后置,后置,后置,后置,后置,后置,后置,后置,后置,后置,后置
电动机,三电首任车主质保政策,● 终身质保/非营运（责任免除条款以官方为准）,● 终身质保/非营运（责任免除条款以官方为准）,● 终身质保/非营运（责任免除条款以官方为准）,● 终身质保/非营运（责任免除条款以官方为准）,-,● 终身质保/非营运（责任免除条款以官方为准）,● 终身质保/非营运（责任免除条款以官方为准）,● 终身质保/非营运（责任免除条款以官方为准）,● 终身质保/非营运（责任免除条款以官方为准）,● 终身质保/非营运（责任免除条款以官方为准）,● 终身质保/非营运（责任免除条款以官方为准）,● 终身质保/非营运（责任免除条款以官方为准）,● 终身质保/非营运（责任免除条款以官方为准）,● 终身质保/非营运（责任免除条款以官方为准）,● 终身质保/非营运（责任免除条款以官方为准）
电池/充电,电池类型,● 磷酸铁锂电池,● 磷酸铁锂电池,● 磷酸铁锂电池,● 磷酸铁锂电池,● 磷酸铁锂电池,● 磷酸铁锂电池,● 磷酸铁锂电池,● 磷酸铁锂电池,● 磷酸铁锂电池,● 三元锂电池,● 磷酸铁锂电池,● 磷酸铁锂电池,● 磷酸铁锂电池,● 磷酸铁锂电池,● 三元锂电池
电池/充电,电芯品牌,● 宁德时代,● 宁德时代,● 中创新航,● 中创新航,● 宁德时代,● 中创新航,● 宁德时代,● 宁德时代,● 宁德时代,● 中创新航,● 宁德时代,● 宁德时代,● 宁德时代,● 宁德时代,● 中创新航
电池/充电,电池特有技术,金钟罩电池,金钟罩电池,金钟罩电池,金钟罩电池,金钟罩电池,金钟罩电池,金钟罩电池,金钟罩电池,金钟罩电池,金钟罩电池,金钟罩电池,金钟罩电池,金钟罩电池,金钟罩电池,金钟罩电池
电池/充电,电池冷却方式,冷媒直冷,冷媒直冷,液冷,液冷,液冷,液冷,液冷,液冷,液冷,液冷,液冷,液冷,液冷,液冷,液冷
电池/充电,WLTC纯电续航里程(km),225,225,-,-,-,170,100,175,175,-,-,-,-,-,-
电池/充电,CLTC纯电续航里程(km),310,310,730,730,550,230,140,230,230,515,525,525,625,625,710
电池/充电,CLTC综合续航(km),-,-,-,-,-,1230,1140,1330,1330,-,-,-,-,-,-
电池/充电,电池能量(kWh),35.07,35.07,77.94,77.94,56.12,28.4,18.4,28.4,28.4,58.1,56.1,56.1,68.8,68.8,79.97
电池/充电,电池能量密度(Wh/kg),-,-,-,-,-,-,-,-,-,-,-,-,-,-,167
电池/充电,百公里耗电量(kWh/100km),15.8,15.8,12.5,12.5,12,13.1,13.1,13.1,13.1,12.3,12.5,12.5,12.7,12.7,12.9
电池/充电,电池组质保,-,-,-,-,● 八年或60万公里,-,-,-,-,-,-,-,-,-,-
电池/充电,快充功能,支持,支持,支持,支持,支持,支持,支持,支持,支持,支持,支持,支持,支持,支持,支持
电池/充电,快充功率(kW),105,105,194,194,147,-,-,85,85,-,170,170,170,170,-
电池/充电,电池快充时间(小时),0.25,0.25,0.25,0.25,0.25,0.5,0.5,0.25,0.25,0.42,0.25,0.25,0.25,0.25,0.58
电池/充电,电池快充电量范围(%),30-80,30-80,30-80,30-80,30-80,30-80,30-80,30-80,30-80,30-80,30-80,30-80,30-80,30-80,30-80
电池/充电,慢充接口位置,车右后侧,车右后侧,车右后侧,车右后侧,车右后侧,车右后侧,车右后侧,车右后侧,车右后侧,车右后侧,车右后侧,车右后侧,车右后侧,车右后侧,车右后侧
电池/充电,快充接口位置,车右后侧,车右后侧,车右后侧,车右后侧,车右后侧,车右后侧,车右后侧,车右后侧,车右后侧,车右后侧,车右后侧,车右后侧,车右后侧,车右后侧,车右后侧
电池/充电,对外交流放电功率(kW),6,6,6,6,6,3.3,3.3,3.3,3.3,3.3,3.3,3.3,3.3,3.3,3.3
变速箱,简称,电动车单速变速箱,电动车单速变速箱,电动车单速变速箱,电动车单速变速箱,电动车单速变速箱,电动车单速变速箱,电动车单速变速箱,电动车单速变速箱,电动车单速变速箱,电动车单速变速箱,电动车单速变速箱,电动车单速变速箱,电动车单速变速箱,电动车单速变速箱,电动车单速变速箱
变速箱,挡位个数,1,1,1,1,1,1,1,1,1,1,1,1,1,1,1
变速箱,变速箱类型,固定齿比变速箱,固定齿比变速箱,固定齿比变速箱,固定齿比变速箱,固定齿比变速箱,固定齿比变速箱,固定齿比变速箱,固定齿比变速箱,固定齿比变速箱,固定齿比变速箱,固定齿比变速箱,固定齿比变速箱,固定齿比变速箱,固定齿比变速箱,固定齿比变速箱
底盘转向,驱动方式,● 后置后驱,● 后置后驱,● 后置后驱,● 后置后驱,● 后置后驱,● 后置后驱,● 后置后驱,● 后置后驱,● 后置后驱,● 后置后驱,● 后置后驱,● 后置后驱,● 后置后驱,● 后置后驱,● 后置后驱
底盘转向,前悬架类型,● 麦弗逊式独立悬架,● 麦弗逊式独立悬架,● 麦弗逊式独立悬架,● 麦弗逊式独立悬架,● 麦弗逊式独立悬架,● 麦弗逊式独立悬架,● 麦弗逊式独立悬架,● 麦弗逊式独立悬架,● 麦弗逊式独立悬架,● 麦弗逊式独立悬架,● 麦弗逊式独立悬架,● 麦弗逊式独立悬架,● 麦弗逊式独立悬架,● 麦弗逊式独立悬架,● 麦弗逊式独立悬架
底盘转向,后悬架类型,● 多连杆式独立悬架,● 多连杆式独立悬架,● 多连杆式独立悬架,● 多连杆式独立悬架,● 多连杆式独立悬架,● 多连杆式独立悬架,● 多连杆式独立悬架,● 多连杆式独立悬架,● 多连杆式独立悬架,● 多连杆式独立悬架,● 多连杆式独立悬架,● 多连杆式独立悬架,● 多连杆式独立悬架,● 多连杆式独立悬架,● 多连杆式独立悬架
底盘转向,助力类型,● 电动助力,● 电动助力,● 电动助力,● 电动助力,● 电动助力,● 电动助力,● 电动助力,● 电动助力,● 电动助力,● 电动助力,● 电动助力,● 电动助力,● 电动助力,● 电动助力,● 电动助力
底盘转向,车体结构,承载式,承载式,承载式,承载式,承载式,承载式,承载式,承载式,承载式,承载式,承载式,承载式,承载式,承载式,承载式
车轮制动,前制动器类型,● 通风盘式,● 通风盘式,● 通风盘式,● 通风盘式,● 通风盘式,● 通风盘式,● 通风盘式,● 通风盘式,● 通风盘式,● 通风盘式,● 通风盘式,● 通风盘式,● 通风盘式,● 通风盘式,● 通风盘式
车轮制动,后制动器类型,● 盘式,● 盘式,● 盘式,● 盘式,● 盘式,● 盘式,● 盘式,● 盘式,● 盘式,● 盘式,● 盘式,● 盘式,● 盘式,● 盘式,● 盘式
车轮制动,驻车制动类型,● 电子驻车,● 电子驻车,● 电子驻车,● 电子驻车,● 电子驻车,● 电子驻车,● 电子驻车,● 电子驻车,● 电子驻车,● 电子驻车,● 电子驻车,● 电子驻车,● 电子驻车,● 电子驻车,● 电子驻车
车轮制动,前轮胎规格,● 245/45 R19,● 245/45 R19,● 245/45 R19,● 245/45 R19,● 225/55 R18,● 225/55 R18,● 225/55 R18,● 245/45 R19,● 245/45 R19,● 225/55 R18,● 225/55 R18,● 245/45 R19,● 245/45 R19,● 245/45 R19,● 245/45 R19
车轮制动,后轮胎规格,● 245/45 R19,● 245/45 R19,● 245/45 R19,● 245/45 R19,● 225/55 R18,● 225/55 R18,● 225/55 R18,● 245/45 R19,● 245/45 R19,● 225/55 R18,● 225/55 R18,● 245/45 R19,● 245/45 R19,● 245/45 R19,● 245/45 R19
车轮制动,备胎规格,-,-,-,-,-,● 补胎工具,● 补胎工具,● 补胎工具,● 补胎工具,● 补胎工具,● 补胎工具,● 补胎工具,● 补胎工具,● 补胎工具,● 补胎工具
被动安全,主/副驾驶座安全气囊,主 ● /副 ●,主 ● /副 ●,主 ● /副 ●,主 ● /副 ●,主 ● /副 ●,主 ● /副 ●,主 ● /副 ●,主 ● /副 ●,主 ● /副 ●,主 ● /副 ●,主 ● /副 ●,主 ● /副 ●,主 ● /副 ●,主 ● /副 ●,主 ● /副 ●
被动安全,前/后排侧气囊,前 ● /后-,前 ● /后-,前 ● /后-,前 ● /后-,前 ● /后-,前 ● /后-,前 ● /后-,前 ● /后-,前 ● /后-,前 ● /后-,前 ● /后-,前 ● /后-,前 ● /后-,前 ● /后-,前 ● /后-
被动安全,前/后排头部气囊(气帘),前 ● /后 ●,前 ● /后 ●,前 ● /后 ●,前 ● /后 ●,前 ○ /后 ○,前 ● /后 ●,前 ● /后 ●,前 ● /后 ●,前 ● /后 ●,前 ● /后 ●,前 ● /后 ●,前 ● /后 ●,前 ● /后 ●,前 ● /后 ●,前 ● /后 ●
主动安全,ABS防抱死,●,●,●,●,●,●,●,●,●,●,●,●,●,●,●
主动安全,制动力分配(EBD/CBC等),●,●,●,●,●,●,●,●,●,●,●,●,●,●,●
主动安全,刹车辅助(EBA/BAS/BA等),●,●,●,●,●,●,●,●,●,●,●,●,●,●,●
主动安全,牵引力控制(ASR/TCS/TRC等),●,●,●,●,●,●,●,●,●,●,●,●,●,●,●
主动安全,车身稳定控制(ESC/ESP/DSC等),●,●,●,●,●,●,●,●,●,●,●,●,●,●,●
主动安全,胎压监测功能,● 胎压显示,● 胎压显示,● 胎压显示,● 胎压显示,● 胎压显示,● 胎压显示,● 胎压显示,● 胎压显示,● 胎压显示,● 胎压显示,● 胎压显示,● 胎压显示,● 胎压显示,● 胎压显示,● 胎压显示
主动安全,安全带未系提醒,● 前排,● 前排,● 前排,● 前排,● 前排,●,●,●,●,●,●,●,●,●,●
主动安全,ISOFIX儿童座椅接口,●,●,●,●,●,●,●,●,●,●,●,●,●,●,●
主动安全,车道偏离预警系统,●,●,●,●,○,●,●,●,●,●,●,●,●,●,●
主动安全,主动刹车/主动安全系统,●,●,●,●,○,●,●,●,●,●,●,●,●,●,●
主动安全,疲劳驾驶提示,-,-,-,-,-,-,-,-,-,-,-,-,-,-,-
主动安全,DOW开门预警,●,●,●,●,○,-,-,●,●,-,-,●,-,●,●
主动安全,前方碰撞预警,●,●,●,●,○,●,●,●,●,●,●,●,●,●,●
主动安全,后方碰撞预警,●,●,●,●,○,-,-,●,●,-,-,●,-,●,●
主动安全,哨兵模式/千里眼,●,●,●,●,●,●,●,●,●,●,●,●,●,●,●
主动安全,低速行车警告,●,●,●,●,●,●,●,●,●,●,●,●,●,●,●
主动安全,内置行车记录仪,●,●,●,●,●,●,●,●,●,●,●,●,●,●,●
主动安全,道路救援呼叫,●,●,●,●,●,●,●,●,●,●,●,●,●,●,●
驾驶操控,驾驶模式切换,"● 运动
● 经济
● 标准/舒适
● 自定义/个性化","● 运动
● 经济
● 标准/舒适
● 自定义/个性化","● 运动
● 经济
● 标准/舒适
● 自定义/个性化","● 运动
● 经济
● 标准/舒适
● 自定义/个性化","● 运动
● 经济
● 标准/舒适
● 自定义/个性化","● 运动
● 经济
● 标准/舒适
● 自定义/个性化","● 运动
● 经济
● 标准/舒适
● 自定义/个性化","● 运动
● 经济
● 标准/舒适
● 自定义/个性化","● 运动
● 经济
● 标准/舒适
● 自定义/个性化","● 运动
● 经济
● 标准/舒适
● 自定义/个性化","● 运动
● 经济
● 标准/舒适
● 自定义/个性化","● 运动
● 经济
● 标准/舒适
● 自定义/个性化","● 运动
● 经济
● 标准/舒适
● 自定义/个性化","● 运动
● 经济
● 标准/舒适
● 自定义/个性化","● 运动
● 经济
● 标准/舒适
● 自定义/个性化"
驾驶操控,能量回收系统,●,●,●,●,●,●,●,●,●,●,●,●,●,●,●
驾驶操控,自动驻车,●,●,●,●,●,●,●,●,●,●,●,●,●,●,●
驾驶操控,上坡辅助,●,●,●,●,●,●,●,●,●,●,●,●,●,●,●
驾驶硬件,前/后驻车雷达,前 ● /后 ●,前 ● /后 ●,前 ● /后 ●,前 ● /后 ●,前 ○ /后 ●,前-/后 ●,前-/后 ●,前 ● /后 ●,前 ● /后 ●,前-/后 ●,前 ● /后 ●,前 ● /后 ●,前 ● /后 ●,前 ● /后 ●,前 ● /后 ●
驾驶硬件,驾驶辅助影像,● 360度全景影像,● 360度全景影像,● 360度全景影像,● 360度全景影像,● 360度全景影像,● 360度全景影像,● 360度全景影像,● 360度全景影像,● 360度全景影像,● 360度全景影像,● 360度全景影像,● 360度全景影像,● 360度全景影像,● 360度全景影像,● 360度全景影像
驾驶硬件,透明底盘/540度影像,●,●,●,●,●,●,●,●,●,●,●,●,●,●,●
驾驶硬件,前方感知摄像头,● 单目,● 单目,● 单目,● 单目,○ 单目,● 单目,● 单目,● 单目,● 单目,● 单目,● 单目,● 单目,● 单目,● 单目,● 单目
驾驶硬件,摄像头数量,● 5个,● 5个,● 5个,● 5个,"● 4个
○ 5个",● 5个,● 5个,● 5个,● 5个,● 5个,● 5个,● 5个,● 5个,● 5个,● 5个
驾驶硬件,前方感知摄像头像素,● 800万,● 800万,● 800万,● 800万,○ 800万,● 200万,● 200万,● 800万,● 800万,● 200万,● 800万,● 800万,● 800万,● 800万,● 800万
驾驶硬件,环视摄像头像素,● 100万,● 100万,● 100万,● 100万,● 100万,● 100万,● 100万,● 100万,● 100万,● 100万,● 100万,● 100万,● 100万,● 100万,● 100万
驾驶硬件,超声波雷达数量,● 12个,● 12个,● 12个,● 12个,"● 4个
○ 12个",● 3个,● 3个,● 12个,● 12个,● 3个,● 12个,● 12个,● 12个,● 12个,● 12个
驾驶硬件,毫米波雷达数量,● 5个,● 5个,● 5个,● 5个,○ 5个,● 1个,● 1个,● 3个,● 3个,● 1个,● 1个,● 3个,● 1个,● 3个,● 3个
驾驶功能,巡航系统,● 全速自适应巡航,● 全速自适应巡航,● 全速自适应巡航,● 全速自适应巡航,○ 全速自适应巡航,● 全速自适应巡航,● 全速自适应巡航,● 全速自适应巡航,● 全速自适应巡航,● 全速自适应巡航,● 全速自适应巡航,● 全速自适应巡航,● 全速自适应巡航,● 全速自适应巡航,● 全速自适应巡航
驾驶功能,辅助驾驶系统,● 天枢智能驾驶辅助视觉版,● 天枢智能驾驶辅助视觉版,● 天枢智能驾驶辅助视觉版,● 天枢智能驾驶辅助视觉版,-,-,-,-,-,-,-,-,-,-,-
驾驶功能,辅助驾驶等级,● L2,● L2,● L2,● L2,○ L2,● L2,● L2,● L2,● L2,● L2,● L2,● L2,● L2,● L2,● L2
驾驶功能,倒车车侧预警系统,●,●,●,●,-,-,-,●,●,-,-,●,-,●,●
驾驶功能,卫星导航系统,●,●,●,●,●,●,●,●,●,●,●,●,●,●,●
驾驶功能,导航路况信息显示,●,●,●,●,●,●,●,●,●,●,●,●,●,●,●
驾驶功能,地图品牌,● 高德,● 高德,● 高德,● 高德,● 高德,● 高德,● 高德,● 高德,● 高德,● 高德,● 高德,● 高德,● 高德,● 高德,● 高德
驾驶功能,AR实景导航,-,●,-,●,-,-,●,-,●,-,-,●,-,●,●
驾驶功能,并线辅助,●,●,●,●,○,-,-,●,●,-,-,●,-,●,●
驾驶功能,车道保持辅助系统,●,●,●,●,○,●,●,●,●,●,●,●,●,●,●
驾驶功能,车道居中保持,●,●,●,●,○,●,●,●,●,●,●,●,●,●,●
驾驶功能,道路交通标识识别,●,●,●,●,○,●,●,●,●,●,●,●,●,●,●
驾驶功能,辅助泊车入位,●,●,●,●,○,-,-,●,●,-,●,●,●,●,●
驾驶功能,遥控泊车,●,●,●,●,○,-,-,●,●,-,●,●,●,●,●
驾驶功能,循迹倒车,●,●,●,●,○,-,-,●,●,-,●,●,●,●,●
驾驶功能,辅助变道,●,●,●,●,-,-,-,-,-,-,-,-,-,-,-
驾驶功能,方向盘离手检测,●,●,●,●,-,●,●,●,●,-,●,●,●,●,●
驾驶功能,辅助驾驶路段,● 高速路段,● 高速路段,● 高速路段,● 高速路段,-,-,-,-,-,-,-,-,-,-,-
外观/防盗,轮圈材质,● 铝合金,● 铝合金,● 铝合金,● 铝合金,● 铝合金,● 铝合金,● 铝合金,● 铝合金,● 铝合金,● 铝合金,● 铝合金,● 铝合金,● 铝合金,● 铝合金,● 铝合金
外观/防盗,无框设计车门,●,●,●,●,●,●,●,●,●,●,●,●,●,●,●
外观/防盗,电动后备厢,●,●,●,●,○,●,●,●,●,●,●,●,●,●,●
外观/防盗,电动后备厢位置记忆,●,●,●,●,○,●,●,●,●,●,●,●,●,●,●
外观/防盗,车内中控锁,●,●,●,●,●,●,●,●,●,●,●,●,●,●,●
外观/防盗,钥匙类型,"● 遥控钥匙
● 蓝牙钥匙","● 遥控钥匙
● 蓝牙钥匙","● 遥控钥匙
● 蓝牙钥匙","● 遥控钥匙
● 蓝牙钥匙","● 遥控钥匙
● 蓝牙钥匙","● 遥控钥匙
● 蓝牙钥匙","● 遥控钥匙
● 蓝牙钥匙","● 遥控钥匙
● 蓝牙钥匙","● 遥控钥匙
● 蓝牙钥匙","● 遥控钥匙
● 蓝牙钥匙","● 遥控钥匙
● 蓝牙钥匙","● 遥控钥匙
● 蓝牙钥匙","● 遥控钥匙
● 蓝牙钥匙","● 遥控钥匙
● 蓝牙钥匙","● 遥控钥匙
● 蓝牙钥匙"
外观/防盗,无钥匙启动系统,●,●,●,●,●,●,●,●,●,●,●,●,●,●,●
外观/防盗,无钥匙进入功能,● 全车,● 全车,● 全车,● 全车,● 全车,● 全车,● 全车,● 全车,● 全车,● 全车,● 全车,● 全车,● 全车,● 全车,● 全车
外观/防盗,隐藏电动门把手,-,-,-,-,-,●,●,●,●,●,●,●,●,●,●
外观/防盗,主动闭合式进气格栅,-,-,●,●,○,-,-,-,-,-,-,-,-,-,-
外观/防盗,远程启动功能,●,●,●,●,●,●,●,●,●,●,●,●,●,●,●
外观/防盗,电池预加热,●,●,●,●,●,●,●,●,●,●,●,●,●,●,●
外观/防盗,对外放电,●,●,●,●,●,●,●,●,●,●,●,●,●,●,●
车外灯光,近光灯光源,● LED,● LED,● LED,● LED,● LED,● LED,● LED,● LED,● LED,● LED,● LED,● LED,● LED,● LED,● LED
车外灯光,远光灯光源,● LED,● LED,● LED,● LED,● LED,● LED,● LED,● LED,● LED,● LED,● LED,● LED,● LED,● LED,● LED
车外灯光,LED日间行车灯,●,●,●,●,●,●,●,●,●,●,●,●,●,●,●
车外灯光,自适应远近光,●,●,●,●,●,●,●,●,●,●,●,●,●,●,●
车外灯光,自动头灯,●,●,●,●,●,●,●,●,●,●,●,●,●,●,●
车外灯光,车前雾灯,-,-,-,-,-,-,-,-,-,-,-,-,-,-,-
车外灯光,大灯高度可调,●,●,●,●,●,●,●,●,●,●,●,●,●,●,●
车外灯光,大灯延时关闭,●,●,●,●,●,●,●,●,●,●,●,●,●,●,●
天窗/玻璃,天窗类型,● 不可开启全景天窗,● 不可开启全景天窗,● 不可开启全景天窗,● 不可开启全景天窗,● 不可开启全景天窗,● 不可开启全景天窗,● 不可开启全景天窗,● 不可开启全景天窗,● 不可开启全景天窗,● 不可开启全景天窗,● 不可开启全景天窗,● 不可开启全景天窗,● 不可开启全景天窗,● 不可开启全景天窗,● 不可开启全景天窗
天窗/玻璃,前/后电动车窗,前 ● /后 ●,前 ● /后 ●,前 ● /后 ●,前 ● /后 ●,前 ● /后 ●,前 ● /后 ●,前 ● /后 ●,前 ● /后 ●,前 ● /后 ●,前 ● /后 ●,前 ● /后 ●,前 ● /后 ●,前 ● /后 ●,前 ● /后 ●,前 ● /后 ●
天窗/玻璃,车窗一键升降功能,● 全车,● 全车,● 全车,● 全车,● 全车,● 全车,● 全车,● 全车,● 全车,● 全车,● 全车,● 全车,● 全车,● 全车,● 全车
天窗/玻璃,车窗防夹手功能,●,●,●,●,●,●,●,●,●,●,●,●,●,●,●
天窗/玻璃,后排侧隐私玻璃,-,●,-,●,-,-,-,-,-,-,-,-,-,-,-
天窗/玻璃,车内化妆镜,"● 主驾位
● 副驾驶","● 主驾位
● 副驾驶","● 主驾位
● 副驾驶","● 主驾位
● 副驾驶","● 主驾位
● 副驾驶","● 主驾位
● 副驾驶","● 主驾位
● 副驾驶","● 主驾位
● 副驾驶","● 主驾位
● 副驾驶","● 主驾位
● 副驾驶","● 主驾位
● 副驾驶","● 主驾位
● 副驾驶","● 主驾位
● 副驾驶","● 主驾位
● 副驾驶","● 主驾位
● 副驾驶"
天窗/玻璃,后雨刷,-,-,-,-,-,-,-,-,-,-,-,-,-,-,-
天窗/玻璃,感应雨刷功能,● 雨量感应式,● 雨量感应式,● 雨量感应式,● 雨量感应式,● 雨量感应式,● 雨量感应式,● 雨量感应式,● 雨量感应式,● 雨量感应式,● 雨量感应式,● 雨量感应式,● 雨量感应式,● 雨量感应式,● 雨量感应式,● 雨量感应式
外后视镜,外后视镜功能,"● 电动调节
● 电动折叠
● 后视镜加热
● 锁车自动折叠","● 电动调节
● 电动折叠
● 后视镜记忆
● 后视镜加热
● 倒车自动下翻
● 锁车自动折叠","● 电动调节
● 电动折叠
● 后视镜加热
● 锁车自动折叠","● 电动调节
● 电动折叠
● 后视镜记忆
● 后视镜加热
● 倒车自动下翻
● 锁车自动折叠","● 电动调节
● 电动折叠
● 后视镜加热
● 锁车自动折叠","● 电动调节
● 电动折叠
● 后视镜加热
● 锁车自动折叠","● 电动调节
● 电动折叠
● 后视镜加热
● 锁车自动折叠","● 电动调节
● 电动折叠
● 后视镜记忆
● 后视镜加热
● 倒车自动下翻
● 锁车自动折叠","● 电动调节
● 电动折叠
● 后视镜记忆
● 后视镜加热
● 倒车自动下翻
● 锁车自动折叠","● 电动调节
● 电动折叠
● 后视镜加热
● 锁车自动折叠","● 电动调节
● 电动折叠
● 后视镜加热
● 锁车自动折叠","● 电动调节
● 电动折叠
● 后视镜记忆
● 后视镜加热
● 倒车自动下翻
● 锁车自动折叠","● 电动调节
● 电动折叠
● 后视镜加热
● 锁车自动折叠","● 电动调节
● 电动折叠
● 后视镜记忆
● 后视镜加热
● 倒车自动下翻
● 锁车自动折叠","● 电动调节
● 电动折叠
● 后视镜记忆
● 后视镜加热
● 倒车自动下翻
● 锁车自动折叠"
互联/智能化,中控彩色屏幕,● 触控液晶屏,● 触控液晶屏,● 触控液晶屏,● 触控液晶屏,● 触控液晶屏,● 触控液晶屏,● 触控液晶屏,● 触控液晶屏,● 触控液晶屏,● 触控液晶屏,● 触控液晶屏,● 触控液晶屏,● 触控液晶屏,● 触控液晶屏,● 触控液晶屏
互联/智能化,中控屏幕尺寸,● 15.4英寸,● 15.4英寸,● 15.4英寸,● 15.4英寸,● 15.4英寸,● 15.4英寸,● 15.4英寸,● 15.4英寸,● 15.4英寸,● 15.4英寸,● 15.4英寸,● 15.4英寸,● 15.4英寸,● 15.4英寸,● 15.4英寸
互联/智能化,中控屏幕分辨率,● 2.5K,● 2.5K,● 2.5K,● 2.5K,● 2.5K,● 2.5K,● 2.5K,● 2.5K,● 2.5K,● 2.5K,● 2.5K,● 2.5K,● 2.5K,● 2.5K,● 2.5K
互联/智能化,中控屏幕像素密度,● 196PPI,● 196PPI,● 196PPI,● 196PPI,-,● 196PPI,● 196PPI,● 196PPI,● 196PPI,● 196PPI,● 196PPI,● 196PPI,● 196PPI,● 196PPI,● 196PPI
互联/智能化,蓝牙/车载电话,●,●,●,●,●,●,●,●,●,●,●,●,●,●,●
互联/智能化,手机互联/映射,"● 支持HUAWEI HiCar
● 支持Carlink","● 支持HUAWEI HiCar
● 支持Carlink","● 支持HUAWEI HiCar
● 支持Carlink","● 支持HUAWEI HiCar
● 支持Carlink","● 支持HUAWEI HiCar
● 支持Carlink","● 支持HUAWEI HiCar
● 支持Carlink","● 支持HUAWEI HiCar
● 支持Carlink","● 支持HUAWEI HiCar
● 支持Carlink","● 支持HUAWEI HiCar
● 支持Carlink","● 支持HUAWEI HiCar
● 支持Carlink","● 支持HUAWEI HiCar
● 支持Carlink","● 支持HUAWEI HiCar
● 支持Carlink","● 支持HUAWEI HiCar
● 支持Carlink","● 支持HUAWEI HiCar
● 支持Carlink","● 支持HUAWEI HiCar
● 支持Carlink"
互联/智能化,语音识别控制系统,"● 多媒体系统
● 导航
● 电话
● 空调
● 车窗
● 座椅加热
● 座椅通风","● 多媒体系统
● 导航
● 电话
● 空调
● 车窗
● 座椅加热
● 座椅通风
● 座椅按摩","● 多媒体系统
● 导航
● 电话
● 空调
● 车窗
● 座椅加热
● 座椅通风","● 多媒体系统
● 导航
● 电话
● 空调
● 车窗
● 座椅加热
● 座椅通风
● 座椅按摩","● 多媒体系统
● 导航
● 电话
● 空调
● 车窗
● 座椅加热
● 座椅通风","● 多媒体系统
● 导航
● 电话
● 空调
● 车窗","● 多媒体系统
● 导航
● 电话
● 空调
● 车窗","● 多媒体系统
● 导航
● 电话
● 空调
● 车窗
● 座椅加热
● 座椅通风","● 多媒体系统
● 导航
● 电话
● 空调
● 车窗
● 座椅加热
● 座椅通风
● 座椅按摩","● 多媒体系统
● 导航
● 电话
● 空调
● 车窗","● 多媒体系统
● 导航
● 电话
● 空调
● 车窗
● 座椅加热
● 座椅通风","● 多媒体系统
● 导航
● 电话
● 空调
● 车窗
● 座椅加热
● 座椅通风
● 座椅按摩","● 多媒体系统
● 导航
● 电话
● 空调
● 车窗
● 座椅加热
● 座椅通风","● 多媒体系统
● 导航
● 电话
● 空调
● 车窗
● 座椅加热
● 座椅通风
● 座椅按摩","● 多媒体系统
● 导航
● 电话
● 空调
● 车窗
● 座椅加热
● 座椅通风
● 座椅按摩"
互联/智能化,语音助手唤醒词,● 小安，你好,● 小安，你好,● 小安，你好,● 小安，你好,● 小安，你好,● 小安，你好,● 小安，你好,● 小安，你好,● 小安，你好,● 小安，你好,● 小安，你好,● 小安，你好,● 小安，你好,● 小安，你好,● 小安，你好
互联/智能化,语音分区域唤醒识别,● 双区域,● 双区域,● 双区域,● 双区域,● 双区域,● 双区域,● 双区域,● 双区域,● 双区域,● 双区域,● 双区域,● 双区域,● 双区域,● 双区域,● 双区域
互联/智能化,语音连续识别,●,●,●,●,●,●,●,●,●,●,●,●,●,●,●
互联/智能化,可见即可说,●,●,●,●,●,●,●,●,●,●,●,●,●,●,●
互联/智能化,应用商店,●,●,●,●,●,●,●,●,●,●,●,●,●,●,●
互联/智能化,车载智能系统,● 启源OS,● 启源OS,● 启源OS,● 启源OS,● 启源OS,● 启源OS,● 启源OS,● 启源OS,● 启源OS,● 启源OS,● 启源OS,● 启源OS,● 启源OS,● 启源OS,● 启源OS
互联/智能化,车机智能芯片,● 高通骁龙8155,● 高通骁龙8155,● 高通骁龙8155,● 高通骁龙8155,● 高通骁龙8155,● 高通骁龙8155,● 高通骁龙8155,● 高通骁龙8155,● 高通骁龙8155,● 高通骁龙8155,● 高通骁龙8155,● 高通骁龙8155,● 高通骁龙8155,● 高通骁龙8155,● 高通骁龙8155
互联/智能化,车机系统内存(GB),● 12,● 12,● 12,● 12,● 12,● 12,● 12,● 12,● 12,● 12,● 12,● 12,● 12,● 12,● 12
互联/智能化,车机系统存储(GB),● 128,● 128,● 128,● 128,● 128,● 128,● 128,● 128,● 128,● 128,● 128,● 128,● 128,● 128,● 128
互联/智能化,车联网,●,●,●,●,●,●,●,●,●,●,●,●,●,●,●
互联/智能化,4G/5G网络,● 4G,● 4G,● 4G,● 4G,● 4G,● 4G,● 4G,● 4G,● 4G,● 4G,● 4G,● 4G,● 4G,● 4G,● 4G
互联/智能化,OTA升级,●,●,●,●,●,●,●,●,●,●,●,●,●,●,●
互联/智能化,Wi-Fi热点,●,●,●,●,●,●,●,●,●,●,●,●,●,●,●
互联/智能化,手机APP远程功能,"● 车门控制
● 车窗控制
● 车辆启动
● 充电管理
● 空调控制
● 座椅加热
● 车况查询/诊断
● 车辆定位/寻车
● 预约保养/维修","● 车门控制
● 车窗控制
● 车辆启动
● 充电管理
● 空调控制
● 座椅加热
● 车况查询/诊断
● 车辆定位/寻车
● 预约保养/维修","● 车门控制
● 车窗控制
● 车辆启动
● 充电管理
● 空调控制
● 座椅加热
● 车况查询/诊断
● 车辆定位/寻车
● 预约保养/维修","● 车门控制
● 车窗控制
● 车辆启动
● 充电管理
● 空调控制
● 座椅加热
● 车况查询/诊断
● 车辆定位/寻车
● 预约保养/维修","● 车门控制
● 车窗控制
● 车辆启动
● 充电管理
● 空调控制
● 座椅加热
● 车况查询/诊断
● 车辆定位/寻车
● 预约保养/维修","● 车门控制
● 车窗控制
● 车辆启动
● 充电管理
● 空调控制
● 车况查询/诊断
● 车辆定位/寻车
● 预约保养/维修","● 车门控制
● 车窗控制
● 车辆启动
● 充电管理
● 空调控制
● 车况查询/诊断
● 车辆定位/寻车
● 预约保养/维修","● 车门控制
● 车窗控制
● 车辆启动
● 充电管理
● 空调控制
● 座椅加热
● 车况查询/诊断
● 车辆定位/寻车
● 预约保养/维修","● 车门控制
● 车窗控制
● 车辆启动
● 充电管理
● 空调控制
● 座椅加热
● 车况查询/诊断
● 车辆定位/寻车
● 预约保养/维修","● 车门控制
● 车窗控制
● 车辆启动
● 充电管理
● 空调控制
● 车况查询/诊断
● 车辆定位/寻车
● 预约保养/维修","● 车门控制
● 车窗控制
● 车辆启动
● 充电管理
● 空调控制
● 座椅加热
● 车况查询/诊断
● 车辆定位/寻车
● 预约保养/维修","● 车门控制
● 车窗控制
● 车辆启动
● 充电管理
● 空调控制
● 座椅加热
● 车况查询/诊断
● 车辆定位/寻车
● 预约保养/维修","● 车门控制
● 车窗控制
● 车辆启动
● 充电管理
● 空调控制
● 座椅加热
● 车况查询/诊断
● 车辆定位/寻车
● 预约保养/维修","● 车门控制
● 车窗控制
● 车辆启动
● 充电管理
● 空调控制
● 座椅加热
● 车况查询/诊断
● 车辆定位/寻车
● 预约保养/维修","● 车门控制
● 车窗控制
● 车辆启动
● 充电管理
● 空调控制
● 座椅加热
● 车况查询/诊断
● 车辆定位/寻车
● 预约保养/维修"
互联/智能化,车载KTV,●,●,●,●,●,●,●,●,●,●,●,●,●,●,●
方向盘/内后视镜,方向盘材质,● 皮质,● 真皮,● 皮质,● 真皮,● 皮质,● 皮质,● 皮质,● 皮质,● 皮质,● 皮质,● 皮质,● 皮质,● 皮质,● 皮质,● 皮质
方向盘/内后视镜,方向盘位置调节,● 手动上下+前后调节,● 手动上下+前后调节,● 手动上下+前后调节,● 手动上下+前后调节,● 手动上下+前后调节,● 手动上下+前后调节,● 手动上下+前后调节,● 手动上下+前后调节,● 手动上下+前后调节,● 手动上下+前后调节,● 手动上下+前后调节,● 手动上下+前后调节,● 手动上下+前后调节,● 手动上下+前后调节,● 手动上下+前后调节
方向盘/内后视镜,换挡形式,● 电子式怀挡换挡,● 电子式怀挡换挡,● 电子式怀挡换挡,● 电子式怀挡换挡,● 电子式怀挡换挡,● 电子式怀挡换挡,● 电子式怀挡换挡,● 电子式怀挡换挡,● 电子式怀挡换挡,● 电子式怀挡换挡,● 电子式怀挡换挡,● 电子式怀挡换挡,● 电子式怀挡换挡,● 电子式怀挡换挡,● 电子式怀挡换挡
方向盘/内后视镜,多功能方向盘,●,●,●,●,●,●,●,●,●,●,●,●,●,●,●
方向盘/内后视镜,方向盘加热,-,●,-,●,-,-,-,-,-,-,-,-,-,-,-
方向盘/内后视镜,方向盘记忆,-,-,-,-,-,-,-,-,-,-,-,-,-,-,-
方向盘/内后视镜,行车电脑显示屏幕,● 彩色,● 彩色,● 彩色,● 彩色,● 彩色,● 彩色,● 彩色,● 彩色,● 彩色,● 彩色,● 彩色,● 彩色,● 彩色,● 彩色,● 彩色
方向盘/内后视镜,全液晶仪表盘,-,-,-,-,-,-,-,-,-,-,-,-,-,-,-
方向盘/内后视镜,液晶仪表尺寸,-,-,-,-,-,-,-,-,-,-,-,-,-,-,-
方向盘/内后视镜,AR-HUD增强现实抬头显示,-,●,-,●,-,○,●,○ (3000元),●,-,○ (3000元),●,○ (3000元),●,●
方向盘/内后视镜,HUD抬头尺寸,-,● 50英寸,-,● 50英寸,-,-,● 50英寸,○ 50英寸,● 50英寸,-,○ 50英寸,● 50英寸,○ 50英寸,● 50英寸,● 50英寸
方向盘/内后视镜,内后视镜功能,● 手动防眩目,● 手动防眩目,● 手动防眩目,● 手动防眩目,● 手动防眩目,● 手动防眩目,● 手动防眩目,● 手动防眩目,● 手动防眩目,● 手动防眩目,● 手动防眩目,● 手动防眩目,● 手动防眩目,● 手动防眩目,● 手动防眩目
车内充电,多媒体/充电接口,"● USB
● Type-C","● USB
● Type-C","● USB
● Type-C","● USB
● Type-C","● USB
● Type-C","● USB
● Type-C","● USB
● Type-C","● USB
● Type-C","● USB
● Type-C","● USB
● Type-C","● USB
● Type-C","● USB
● Type-C","● USB
● Type-C","● USB
● Type-C","● USB
● Type-C"
车内充电,USB/Type-C接口数量,● 前排2个/后排1个,● 前排2个/后排1个,● 前排2个/后排1个,● 前排2个/后排1个,● 前排2个/后排1个,● 前排2个/后排1个,● 前排2个/后排1个,● 前排2个/后排1个,● 前排2个/后排1个,● 前排2个/后排1个,● 前排2个/后排1个,● 前排2个/后排1个,● 前排2个/后排1个,● 前排2个/后排1个,● 前排2个/后排1个
车内充电,手机无线充电功能,-,● 前排,-,● 前排,-,-,○ 前排,○ 前排,○ 前排,○ 前排,○ 前排,○ 前排,○ 前排,○ 前排,○ 前排
座椅配置,座椅材质,● 仿皮,● 仿皮,● 仿皮,● 仿皮,● 仿皮,● 仿皮,● 仿皮,● 仿皮,● 仿皮,● 仿皮,● 仿皮,● 仿皮,● 仿皮,● 仿皮,● 仿皮
座椅配置,主座椅调节方式,"● 前后调节
● 靠背调节
● 高低调节(2向)","● 前后调节
● 靠背调节
● 高低调节(2向)
● 腰部支撑(4向)","● 前后调节
● 靠背调节
● 高低调节(2向)","● 前后调节
● 靠背调节
● 高低调节(2向)
● 腰部支撑(4向)","● 前后调节
● 靠背调节
● 高低调节(2向)","● 前后调节
● 靠背调节
● 高低调节(2向)","● 前后调节
● 靠背调节
● 高低调节(2向)","● 前后调节
● 靠背调节
● 高低调节(2向)","● 前后调节
● 靠背调节
● 高低调节(2向)
● 腰部支撑(4向)","● 前后调节
● 靠背调节
● 高低调节(2向)","● 前后调节
● 靠背调节
● 高低调节(2向)","● 前后调节
● 靠背调节
● 高低调节(2向)
● 腰部支撑(4向)","● 前后调节
● 靠背调节
● 高低调节(2向)","● 前后调节
● 靠背调节
● 高低调节(2向)
● 腰部支撑(4向)","● 前后调节
● 靠背调节
● 高低调节(2向)
● 腰部支撑(4向)"
座椅配置,副座椅调节方式,"● 前后调节
● 靠背调节","● 前后调节
● 靠背调节","● 前后调节
● 靠背调节","● 前后调节
● 靠背调节","● 前后调节
● 靠背调节","● 前后调节
● 靠背调节","● 前后调节
● 靠背调节","● 前后调节
● 靠背调节","● 前后调节
● 靠背调节","● 前后调节
● 靠背调节","● 前后调节
● 靠背调节","● 前后调节
● 靠背调节","● 前后调节
● 靠背调节","● 前后调节
● 靠背调节","● 前后调节
● 靠背调节"
座椅配置,主/副驾驶座电动调节,主 ● /副 ●,主 ● /副 ●,主 ● /副 ●,主 ● /副 ●,主 ● /副 ●,主 ● /副 ●,主 ● /副 ●,主 ● /副 ●,主 ● /副 ●,主 ● /副 ●,主 ● /副 ●,主 ● /副 ●,主 ● /副 ●,主 ● /副 ●,主 ● /副 ●
座椅配置,前排座椅功能,"● 加热
● 通风","● 加热
● 通风
● 按摩","● 加热
● 通风","● 加热
● 通风
● 按摩","○ 加热
○ 通风",-,-,"● 加热
● 通风","● 加热
● 通风
● 按摩",-,"● 加热
● 通风","● 加热
● 通风
● 按摩","● 加热
● 通风","● 加热
● 通风
● 按摩","● 加热
● 通风
● 按摩"
座椅配置,电动座椅记忆功能,-,● 驾驶位,-,● 驾驶位,-,-,-,● 驾驶位,● 驾驶位,-,-,● 驾驶位,-,● 驾驶位,● 驾驶位
座椅配置,副驾驶位后排可调节按钮,-,-,-,-,-,-,-,-,-,-,-,-,-,-,-
座椅配置,第二排座椅调节,-,-,-,-,-,-,-,-,-,-,-,-,-,-,-
座椅配置,后排座椅放倒形式,● 比例放倒,● 比例放倒,● 比例放倒,● 比例放倒,● 比例放倒,● 比例放倒,● 比例放倒,● 比例放倒,● 比例放倒,● 比例放倒,● 比例放倒,● 比例放倒,● 比例放倒,● 比例放倒,● 比例放倒
座椅配置,前/后中央扶手,前 ● /后-,前 ● /后 ●,前 ● /后-,前 ● /后 ●,前 ● /后 ○,前 ● /后-,前 ● /后-,前 ● /后 ●,前 ● /后 ●,前 ● /后-,前 ● /后-,前 ● /后 ●,前 ● /后-,前 ● /后 ●,前 ● /后 ●
座椅配置,后排杯架,-,●,-,●,○,-,-,●,●,-,-,●,-,●,●
音响/车内灯光,扬声器品牌名称,-,-,-,-,-,-,-,-,-,-,-,-,-,-,-
音响/车内灯光,扬声器数量,● 8喇叭,● 16喇叭,● 8喇叭,● 16喇叭,● 8喇叭,● 8喇叭,● 8喇叭,● 16喇叭,● 16喇叭,● 8喇叭,● 8喇叭,● 16喇叭,● 8喇叭,● 16喇叭,● 16喇叭
音响/车内灯光,触摸式阅读灯,●,●,●,●,●,●,●,●,●,●,●,●,●,●,●
音响/车内灯光,车内环境氛围灯,-,● 64色,-,● 64色,-,-,-,● 64色,● 64色,-,-,-,-,-,● 64色
音响/车内灯光,主动式环境氛围灯,-,-,-,-,-,-,-,●,●,-,-,-,-,-,●
空调/冰箱,空调温度控制方式,● 自动空调,● 自动空调,● 自动空调,● 自动空调,● 自动空调,● 自动空调,● 自动空调,● 自动空调,● 自动空调,● 自动空调,● 自动空调,● 自动空调,● 自动空调,● 自动空调,● 自动空调
空调/冰箱,后排独立空调,-,-,-,-,-,-,-,-,-,-,-,-,-,-,-
空调/冰箱,后座出风口,●,●,●,●,●,●,●,●,●,●,●,●,●,●,●
空调/冰箱,温度分区控制,●,●,●,●,●,●,●,●,●,●,●,●,●,●,●
空调/冰箱,车载空气净化器,-,-,-,-,-,-,-,-,-,-,-,-,-,-,-
空调/冰箱,车内PM2.5过滤装置,●,●,●,●,●,●,●,●,●,●,●,●,●,●,●
颜色,外观颜色,–,–,–,–,–,–,–,–,–,–,–,–,–,–,–
颜色,内饰颜色,–,–,–,–,–,–,–,–,–,–,–,–,–,–,–
选装包,米其林舒适静音轮胎,○ 选配 (4000元),○ 选配 (4000元),○ 选配 (4000元),○ 选配 (4000元),-,-,-,-,-,-,-,-,-,-,-
选装包,前部行李舱,-,-,○ 选配 (500元),○ 选配 (500元),-,-,-,-,-,○ 选配 (500元),○ 选配 (500元),○ 选配 (500元),○ 选配 (500元),○ 选配 (500元),○ 选配 (500元)
