セクション,セクション_ja,項目,項目_ja,2025年モデル 増程 Plus 快適スマート,2025年モデル 増程 Pro 高速運転支援,2025年モデル 増程 Max 市街地運転支援,2025年モデル 増程 Ultra 4WD フラッグシップ,2025年モデル 純電 動楽版 64kWh,2025年モデル 純電 尊享版 70kWh,2025年モデル 純電 Pro 高速運転支援,2025年モデル 純電 Max 市街地運転支援,2025年モデル 純電 Pro 77kWh,2025年モデル 純電 Pro 市街地運転支援 77kWh,2025年モデル 純電 Pro 100kWh,2025年モデル 純電 Pro 市街地運転支援 100kWh,2025年モデル 純電 至高尊享版 77kWh,2025年モデル 純電 富道版 77kWh,2025年モデル 純電 Pro 4WD 77kWh,2025年モデル 純電 Pro 4WD 100kWh,2025年モデル 純電 Ultra 4WD フラッグシップ 市街地運転支援,2025年モデル 純電 Ultra フラッグシップ 100kWh,2027年モデル 純電 860 Maxレーザーレーダー版,2027年モデル 増程 302 Maxレーザーレーダー版,2027年モデル 増程 255 Ultra4WDレーザーレーダー版
基本参数,基本仕様,厂商指导价(元),メーカー希望小売価格(元),"15.28万元（日本円 約3,208,800円）","16.98万元（日本円 約3,565,800円）","18.98万元（日本円 約3,985,800円）","20.98万元（日本円 約4,405,800円）","24.98万元（日本円 約5,245,800円）","25.98万元（日本円 約5,455,800円）","18.98万元（日本円 約3,985,800円）","20.68万元（日本円 約4,342,800円）","21.59万元（日本円 約4,533,900円）","23.69万元（日本円 約4,974,900円）","24.59万元（日本円 約5,163,900円）","26.69万元（日本円 約5,604,900円）","20.59万元（日本円 約4,323,900円）","28.98万元（日本円 約6,085,800円）","23.69万元（日本円 約4,974,900円）","26.69万元（日本円 約5,604,900円）","26.98万元（日本円 約5,665,800円）","29.99万元（日本円 約6,297,900円）",预售,预售,预售
基本参数,基本仕様,经销商报价,ディーラー販売価格（元）,"12.78万元（日本円 約2,683,800円）","14.48万元（日本円 約3,040,800円）","16.48万元（日本円 約3,460,800円）","18.48万元（日本円 約3,880,800円）","24.98万元（日本円 約5,245,800円）","25.98万元（日本円 約5,455,800円）","16.48万元（日本円 約3,460,800円）","18.18万元（日本円 約3,817,800円）",暂无,暂无,暂无,暂无,暂无,暂无,暂无,暂无,"24.48万元（日本円 約5,140,800円）",暂无,"21.99万元（日本円 約4,617,900円）","18.99万元（日本円 約3,987,900円）","20.99万元（日本円 約4,407,900円）"
基本参数,基本仕様,厂商,メーカー,星途,星途,星途,星途,星途,星途,星途,星途,星途,星途,星途,星途,星途,星途,星途,星途,星途,星途,星途,星途,星途
基本参数,基本仕様,级别,クラス,中大型車,中大型車,中大型車,中大型車,中大型車,中大型車,中大型車,中大型車,中大型車,中大型車,中大型車,中大型車,中大型車,中大型車,中大型車,中大型車,中大型車,中大型車,中大型車,中大型車,中大型車
基本参数,基本仕様,能源类型,エネルギータイプ,レンジエクステンダー式,レンジエクステンダー式,レンジエクステンダー式,レンジエクステンダー式,純電動,純電動,純電動,純電動,純電動,純電動,純電動,純電動,純電動,純電動,純電動,純電動,純電動,純電動,純電動,レンジエクステンダー式,レンジエクステンダー式
基本参数,基本仕様,环保标准,環境基準,国VI（排ガス規制）,国VI（排ガス規制）,国VI（排ガス規制）,国VI（排ガス規制）,-,-,-,-,-,-,-,-,-,-,-,-,-,-,-,国VI（排ガス規制）,国VI（排ガス規制）
基本参数,基本仕様,上市时间,発売時期,2025-03-10,2025-03-10,2025-03-10,2025-03-10,2025-09-19,2025-09-19,2025-05-18,2025-05-18,2024-08-21,2024-08-21,2024-08-21,2024-08-21,2025-02-25,2024-12-17,2024-08-21,2024-08-21,2025-05-18,2024-08-21,-,-,-
基本参数,基本仕様,WLTC纯电续航里程(km),WLTC航続距離(km),205,205,205,205,-,-,-,-,-,-,-,-,-,-,-,-,-,-,-,240,205
基本参数,基本仕様,CLTC纯电续航里程(km),CLTC航続距離(km),255,255,255,255,550,605,705,705,680,680,880,880,680,680,605,775,710,710,860,302,255
基本参数,基本仕様,电池快充时间(小时),バッテリー急速充電時間(時間),0.29,0.29,0.29,0.29,0.47,0.47,0.15,0.15,0.15,0.15,0.25,0.25,0.17,0.15,0.15,0.25,0.25,0.25,0.25,0.29,0.29
基本参数,基本仕様,电池慢充时间(小时),バッテリー普通充電時間(時間),5.5,5.5,5.5,6.8,-,-,13.5,13.5,13.5,13.5,16.5,16.5,11,13.5,13.5,16.5,16.5,16.5,-,-,-
基本参数,基本仕様,电池快充电量范围(%),バッテリー急速充電容量範囲(%),20-80,20-80,20-80,20-80,30-80,30-80,30-80,30-80,30-80,30-80,30-80,30-80,20-80,30-80,30-80,30-80,30-80,30-80,30-80,20-80,20-80
基本参数,基本仕様,电池慢充电量范围(%),バッテリー普通充電容量範囲(%),5-100,5-100,5-100,5-100,-,-,5-100,5-100,5-100,5-100,5-100,5-100,5-100,5-100,5-100,5-100,5-100,5-100,-,-,-
基本参数,基本仕様,最大功率(kW),最大出力(kW),195,195,195,345,185,185,230,230,230,230,230,230,230,230,353,353,353,353,230,227,345
基本参数,基本仕様,最大扭矩(N·m),最大トルク(N·m),324,324,324,634,356,356,425,425,425,425,425,425,400,400,663,663,663,663,400,315,634
基本参数,基本仕様,变速箱,トランスミッション,電動車単速変速機,電動車単速変速機,電動車単速変速機,電動車単速変速機,電動車単速変速機,電動車単速変速機,電動車単速変速機,電動車単速変速機,電動車単速変速機,電動車単速変速機,電動車単速変速機,電動車単速変速機,電動車単速変速機,電動車単速変速機,電動車単速変速機,電動車単速変速機,電動車単速変速機,電動車単速変速機,電動車単速変速機,電動車単速変速機,電動車単速変速機
基本参数,基本仕様,车身结构,ボディ構造,4ドア5人乗りセダン,4ドア5人乗りセダン,4ドア5人乗りセダン,4ドア5人乗りセダン,4ドア5人乗りセダン,4ドア5人乗りセダン,4ドア5人乗りセダン,4ドア5人乗りセダン,4ドア5人乗りセダン,4ドア5人乗りセダン,4ドア5人乗りセダン,4ドア5人乗りセダン,4ドア5人乗りセダン,4ドア5人乗りセダン,4ドア5人乗りセダン,4ドア5人乗りセダン,4ドア5人乗りセダン,4ドア5人乗りセダン,4ドア5人乗りセダン,4ドア5人乗りセダン,4ドア5人乗りセダン
基本参数,基本仕様,发动机,エンジン,レンジエクステンダー 156馬力,レンジエクステンダー 156馬力,レンジエクステンダー 156馬力,レンジエクステンダー 156馬力,-,-,-,-,-,-,-,-,-,-,-,-,-,-,-,レンジエクステンダー 156馬力,レンジエクステンダー 156馬力
基本参数,基本仕様,电动机(Ps),モーター出力(Ps),265,265,265,469,252,252,313,313,313,313,313,313,313,313,480,480,480,480,313,309,469
基本参数,基本仕様,长*宽*高(mm),全長×全幅×全高(mm),4945×1978×1480（mm）,4945×1978×1480（mm）,4945×1978×1480（mm）,4945×1978×1480（mm）,4945×1978×1480（mm）,4945×1978×1480（mm）,4945×1978×1480（mm）,4945×1978×1480（mm）,4945×1978×1480（mm）,4945×1978×1480（mm）,4945×1978×1480（mm）,4945×1978×1480（mm）,4945×1978×1480（mm）,4945×1978×1480（mm）,4945×1978×1480（mm）,4945×1978×1480（mm）,4945×1978×1467（mm）,4945×1978×1467（mm）,4945×1978×1480（mm）,4945×1978×1480（mm）,4945×1978×1480（mm）
基本参数,基本仕様,官方0-100km/h加速(s),公式0-100km/h加速(s),7.6,7.6,7.6,4.6,7.1,7.4,5.6,5.6,5.6,5.6,5.6,5.6,5.9,5.9,3.7,3.7,3.7,3.7,5.9,7.4,4.9
基本参数,基本仕様,官方0-50km/h加速(s),公式0-50km/h加速(s),3.4,3.4,3.4,2.1,-,-,-,-,-,-,-,-,-,-,-,-,-,-,-,-,-
基本参数,基本仕様,最高车速(km/h),最高速度(km/h),205,205,205,190,200,200,200,200,200,200,200,200,200,200,210,210,210,210,200,205,190
基本参数,基本仕様,WLTC综合油耗(L/100km),WLTC総合燃費(L/100km),0.47,0.47,0.47,0.62,-,-,-,-,-,-,-,-,-,-,-,-,-,-,-,0.43,0.62
基本参数,基本仕様,最低荷电状态油耗(L/100km)WLTC,最低荷電状態燃費(L/100km)WLTC,4.9,4.9,4.9,5.7,-,-,-,-,-,-,-,-,-,-,-,-,-,-,-,5.1,5.7
基本参数,基本仕様,电能当量燃料消耗量(L/100km),電力換算燃料消費量(L/100km),1.91,1.91,1.91,2.28,-,-,1.40,1.40,1.44,1.44,1.40,1.40,1.44,1.44,1.65,1.67,1.73,1.73,1.44,-,-
基本参数,基本仕様,油电综合燃料消耗量(L/100km),ガソリン・電力複合燃料消費量(L/100km),2.37,2.37,2.37,2.9,-,-,-,-,-,-,-,-,-,-,-,-,-,-,-,2.54,2.9
基本参数,基本仕様,整车质保,車両保証,● 4年または12万km保証,● 4年または12万km保証,● 4年または12万km保証,● 4年または12万km保証,● 4年または12万km保証,● 4年または12万km保証,● 4年または12万km保証,● 4年または12万km保証,● 4年または12万km保証,● 4年または12万km保証,● 4年または12万km保証,● 4年または12万km保証,● 4年または12万km保証,● 4年または12万km保証,● 4年または12万km保証,● 4年または12万km保証,● 4年または12万km保証,● 4年または12万km保証,● 4年または12万km保証,● 4年または12万km保証,● 4年または12万km保証
基本参数,基本仕様,首任车主质保政策,初回オーナー保証政策,● 生涯保証／非営業用（免責条項は公式基準による）,● 生涯保証／非営業用（免責条項は公式基準による）,● 生涯保証／非営業用（免責条項は公式基準による）,● 生涯保証／非営業用（免責条項は公式基準による）,● 生涯保証／非営業用（免責条項は公式基準による）,● 生涯保証／非営業用（免責条項は公式基準による）,● 生涯保証／非営業用（免責条項は公式基準による）,● 生涯保証／非営業用（免責条項は公式基準による）,● 生涯保証／非営業用（免責条項は公式基準による）,● 生涯保証／非営業用（免責条項は公式基準による）,● 生涯保証／非営業用（免責条項は公式基準による）,● 生涯保証／非営業用（免責条項は公式基準による）,-,-,● 生涯保証／非営業用（免責条項は公式基準による）,● 生涯保証／非営業用（免責条項は公式基準による）,● 生涯保証／非営業用（免責条項は公式基準による）,● 生涯保証／非営業用（免責条項は公式基準による）,● 生涯保証／非営業用（免責条項は公式基準による）,● 生涯保証／非営業用（免責条項は公式基準による）,● 生涯保証／非営業用（免責条項は公式基準による）
基本参数,基本仕様,整备质量(kg),車両重量(kg),2080,2080,2080,2285,1870,1975,2080,2080,2080,2080,2040,2040,2080,2080,2210,2250,2250,2250,2050,2135,2285
基本参数,基本仕様,最大满载质量(kg),最大積載質量(kg),2548,2548,2548,2701,-,2375,2495,2495,2495,2495,2455,2455,2495,2495,2625,2660,2660,2660,2480,2600,2701
车身,車体,长度(mm),全長(mm),4945,4945,4945,4945,4945,4945,4945,4945,4945,4945,4945,4945,4945,4945,4945,4945,4945,4945,4945,4945,4945
车身,車体,宽度(mm),全幅(mm),1978,1978,1978,1978,1978,1978,1978,1978,1978,1978,1978,1978,1978,1978,1978,1978,1978,1978,1978,1978,1978
车身,車体,高度(mm),全高(mm),1480,1480,1480,1480,1480,1480,1480,1480,1480,1480,1480,1480,1480,1480,1480,1480,1467,1467,1480,1480,1480
车身,車体,轴距(mm),ホイールベース(mm),3000,3000,3000,3000,3000,3000,3000,3000,3000,3000,3000,3000,3000,3000,3000,3000,3000,3000,3000,3000,3000
车身,車体,前轮距(mm),前トレッド(mm),1695,1695,1695,1695,1695,1695,1695,1695,1695,1695,1695,1695,1695,1695,1695,1695,1695,1695,1695,1695,1695
车身,車体,后轮距(mm),後トレッド(mm),1695,1695,1695,1695,1695,1695,1695,1695,1695,1695,1695,1695,1695,1695,1695,1695,1695,1695,1695,1695,1695
车身,車体,满载最小离地间隙(mm),満載時最小地上高(mm),120,120,120,120,-,-,-,-,-,-,-,-,-,-,-,-,-,-,-,-,-
车身,車体,空载最小离地间隙(mm),空車時最小地上高(mm),-,-,-,-,123,123,123,123,123,123,123,123,123,123,123,123,132,132,-,-,-
车身,車体,接近角(°),アプローチアングル(°),13,13,13,13,13,13,13,13,13,13,13,13,13,13,13,13,13,13,13,13,13
车身,車体,离去角(°),デパーチャーアングル(°),15,15,15,15,15,15,15,15,15,15,15,15,15,15,15,15,15,15,15,15,15
车身,車体,最小转弯半径(m),最小回転半径(m),5.88,5.88,5.88,5.88,5.65,5.65,5.65,5.65,5.65,5.65,5.65,5.65,5.65,5.65,5.65,5.65,5.65,5.65,5.65,5.88,5.88
车身,車体,车身结构,ボディ構造,セダン,セダン,セダン,セダン,セダン,セダン,セダン,セダン,セダン,セダン,セダン,セダン,セダン,セダン,セダン,セダン,セダン,セダン,セダン,セダン,セダン
车身,車体,车门开启方式,ドア開閉方式,ヒンジドア,ヒンジドア,ヒンジドア,ヒンジドア,ヒンジドア,ヒンジドア,ヒンジドア,ヒンジドア,ヒンジドア,ヒンジドア,ヒンジドア,ヒンジドア,ヒンジドア,ヒンジドア,ヒンジドア,ヒンジドア,ヒンジドア,ヒンジドア,ヒンジドア,ヒンジドア,ヒンジドア
车身,車体,车门数(个),ドア数(枚),● 4（ドア数）,● 4（ドア数）,● 4（ドア数）,● 4（ドア数）,● 4（ドア数）,● 4（ドア数）,● 4（ドア数）,● 4（ドア数）,● 4（ドア数）,● 4（ドア数）,● 4（ドア数）,● 4（ドア数）,● 4（ドア数）,● 4（ドア数）,● 4（ドア数）,● 4（ドア数）,● 4（ドア数）,● 4（ドア数）,● 4（ドア数）,● 4（ドア数）,● 4（ドア数）
车身,車体,座位数(个),乗車定員(名),● 5（乗員数）,● 5（乗員数）,● 5（乗員数）,● 5（乗員数）,● 5（乗員数）,● 5（乗員数）,● 5（乗員数）,● 5（乗員数）,● 5（乗員数）,● 5（乗員数）,● 5（乗員数）,● 5（乗員数）,● 5（乗員数）,● 5（乗員数）,● 5（乗員数）,● 5（乗員数）,● 5（乗員数）,● 5（乗員数）,● 5（乗員数）,● 5（乗員数）,● 5（乗員数）
车身,車体,油箱容积(L),燃料タンク容量(L),67,67,67,67,-,-,-,-,-,-,-,-,-,-,-,-,-,-,-,67,67
车身,車体,后备厢容积(L),トランク容量(L),396-1500,396-1500,396-1500,396-1500,396-1500,396-1500,396-1500,396-1500,396-1500,396-1500,396-1500,396-1500,396-1500,396-1500,396-1500,396-1500,396-1500,396-1500,396-1500,396-1500,396-1500
车身,車体,风阻系数(Cd),空気抵抗係数(Cd),0.23,0.23,0.23,0.23,0.205,0.205,0.205,0.205,0.205,0.205,0.205,0.205,0.205,0.205,0.205,0.205,0.205,0.205,0.205,0.23,0.23
发动机,エンジン,发动机型号,エンジン型式,SQRH4J15（エンジン型式）,SQRH4J15（エンジン型式）,SQRH4J15（エンジン型式）,SQRH4J15（エンジン型式）,-,-,-,-,-,-,-,-,-,-,-,-,-,-,-,SQRH4J15（エンジン型式）,SQRH4J15（エンジン型式）
发动机,エンジン,排量(mL),排気量(mL),1499,1499,1499,1499,-,-,-,-,-,-,-,-,-,-,-,-,-,-,-,1499,1499
发动机,エンジン,排量(L),排気量(L),1.5,1.5,1.5,1.5,-,-,-,-,-,-,-,-,-,-,-,-,-,-,-,1.5,1.5
发动机,エンジン,进气形式,過給形式,ターボチャージャー付き,ターボチャージャー付き,ターボチャージャー付き,ターボチャージャー付き,-,-,-,-,-,-,-,-,-,-,-,-,-,-,-,ターボチャージャー付き,ターボチャージャー付き
发动机,エンジン,发动机布局,エンジン配置,横置きエンジン,横置きエンジン,横置きエンジン,横置きエンジン,-,-,-,-,-,-,-,-,-,-,-,-,-,-,-,横置きエンジン,横置きエンジン
发动机,エンジン,气缸排列形式,シリンダー配列,L,L,L,L,-,-,-,-,-,-,-,-,-,-,-,-,-,-,-,L,L
发动机,エンジン,气缸数(个),シリンダー数(個),4,4,4,4,-,-,-,-,-,-,-,-,-,-,-,-,-,-,-,4,4
发动机,エンジン,每缸气门数(个),1気筒あたりバルブ数(個),4,4,4,4,-,-,-,-,-,-,-,-,-,-,-,-,-,-,-,4,4
发动机,エンジン,压缩比,圧縮比,14.5,14.5,14.5,14.5,-,-,-,-,-,-,-,-,-,-,-,-,-,-,-,14.5,14.5
发动机,エンジン,配气机构,バルブ機構,DOHC（ダブルオーバーヘッドカムシャフト）,DOHC（ダブルオーバーヘッドカムシャフト）,DOHC（ダブルオーバーヘッドカムシャフト）,DOHC（ダブルオーバーヘッドカムシャフト）,-,-,-,-,-,-,-,-,-,-,-,-,-,-,-,DOHC（ダブルオーバーヘッドカムシャフト）,DOHC（ダブルオーバーヘッドカムシャフト）
发动机,エンジン,缸径(mm),ボア(mm),72,72,72,72,-,-,-,-,-,-,-,-,-,-,-,-,-,-,-,72,72
发动机,エンジン,行程(mm),ストローク(mm),92,92,92,92,-,-,-,-,-,-,-,-,-,-,-,-,-,-,-,92,92
发动机,エンジン,最大马力(Ps),最高出力(Ps),156,156,156,156,-,-,-,-,-,-,-,-,-,-,-,-,-,-,-,156,156
发动机,エンジン,最大功率(kW),最大出力(kW),115,115,115,115,-,-,-,-,-,-,-,-,-,-,-,-,-,-,-,115,115
发动机,エンジン,最大功率转速(rpm),最大出力発生回転数(rpm),5200,5200,5200,5200,-,-,-,-,-,-,-,-,-,-,-,-,-,-,-,5200,5200
发动机,エンジン,最大扭矩(N·m),最大トルク(N·m),220,220,220,220,-,-,-,-,-,-,-,-,-,-,-,-,-,-,-,220,220
发动机,エンジン,最大扭矩转速(rpm),最大トルク発生回転数(rpm),2500,2500,2500,2500,-,-,-,-,-,-,-,-,-,-,-,-,-,-,-,2500,2500
发动机,エンジン,最大净功率(kW),最大出力(kW),105,105,105,105,-,-,-,-,-,-,-,-,-,-,-,-,-,-,-,105,105
发动机,エンジン,发动机特有技术,エンジン独自技術,ミラーサイクル／VVT／インテリジェント燃焼,ミラーサイクル／VVT／インテリジェント燃焼,ミラーサイクル／VVT／インテリジェント燃焼,ミラーサイクル／VVT／インテリジェント燃焼,-,-,-,-,-,-,-,-,-,-,-,-,-,-,-,ミラーサイクル／VVT／インテリジェント燃焼,ミラーサイクル／VVT／インテリジェント燃焼
发动机,エンジン,能源类型,エネルギータイプ,レンジエクステンダー式,レンジエクステンダー式,レンジエクステンダー式,レンジエクステンダー式,純電動,純電動,純電動,純電動,純電動,純電動,純電動,純電動,純電動,純電動,純電動,純電動,純電動,純電動,純電動,レンジエクステンダー式,レンジエクステンダー式
发动机,エンジン,燃油标号,燃料オクタン価,レギュラーガソリン（92オクタン）,レギュラーガソリン（92オクタン）,レギュラーガソリン（92オクタン）,レギュラーガソリン（92オクタン）,-,-,-,-,-,-,-,-,-,-,-,-,-,-,-,レギュラーガソリン（92オクタン）,レギュラーガソリン（92オクタン）
发动机,エンジン,供油方式,燃料供給方式,直噴,直噴,直噴,直噴,-,-,-,-,-,-,-,-,-,-,-,-,-,-,-,直噴,直噴
发动机,エンジン,缸盖材料,シリンダーヘッド材質,アルミ合金,アルミ合金,アルミ合金,アルミ合金,-,-,-,-,-,-,-,-,-,-,-,-,-,-,-,アルミ合金,アルミ合金
发动机,エンジン,缸体材料,シリンダーブロック材質,アルミ合金,アルミ合金,アルミ合金,アルミ合金,-,-,-,-,-,-,-,-,-,-,-,-,-,-,-,アルミ合金,アルミ合金
发动机,エンジン,环保标准,環境基準,国VI（排ガス規制）,国VI（排ガス規制）,国VI（排ガス規制）,国VI（排ガス規制）,-,-,-,-,-,-,-,-,-,-,-,-,-,-,-,国VI（排ガス規制）,国VI（排ガス規制）
电动机,モーター,前电动机品牌,前モーターブランド,-,-,-,エコパワー（ブランド名）,-,-,-,-,-,-,-,-,-,-,蘇州インバーター（メーカー名）,蘇州インバーター（メーカー名）,蘇州インバーター（メーカー名）,蘇州インバーター（メーカー名）,-,-,エコパワー（ブランド名）
电动机,モーター,后电动机品牌,後モーターブランド,蘇州インバーター（メーカー名）,蘇州インバーター（メーカー名）,蘇州インバーター（メーカー名）,蘇州インバーター（メーカー名）,ユナイテッドエレクトロニクス（メーカー名）,ユナイテッドエレクトロニクス（メーカー名）,ユナイテッドエレクトロニクス（メーカー名）,ユナイテッドエレクトロニクス（メーカー名）,ユナイテッドエレクトロニクス（メーカー名）,ユナイテッドエレクトロニクス（メーカー名）,ユナイテッドエレクトロニクス（メーカー名）,ユナイテッドエレクトロニクス（メーカー名）,蘇州インバーター（メーカー名）,インバーターエレクトロニクス（メーカー名）,ユナイテッドエレクトロニクス（メーカー名）,ユナイテッドエレクトロニクス（メーカー名）,ユナイテッドエレクトロニクス（メーカー名）,ユナイテッドエレクトロニクス（メーカー名）,蘇州インバーター（メーカー名）,-,蘇州インバーター（メーカー名）
电动机,モーター,前电动机型号,前モーター型式,-,-,-,KPTZ220YMDA0（部品番号）,-,-,-,-,-,-,-,-,-,-,YS190XY101（部品番号）,YS190XY101（部品番号）,YS190XY101（部品番号）,YS190XY101（部品番号）,-,-,KPTZ220YMDA0（部品番号）
电动机,モーター,后电动机型号,後モーター型式,TZ190XY105（部品番号）,TZ190XY105（部品番号）,TZ190XY105（部品番号）,TZ190XY105（部品番号）,TZ210XS128（部品番号）,TZ210XS128（部品番号）,TZ220XSG05（部品番号）,TZ220XSG05（部品番号）,TZ220XSG05（部品番号）,TZ220XSG05（部品番号）,TZ220XSG05（部品番号）,TZ220XSG05（部品番号）,TZ220XY107（部品番号）,TZ220XSG05（部品番号）,TZ220XSG05（部品番号）,TZ220XSG05（部品番号）,TZ220XSG05（部品番号）,TZ220XSG05（部品番号）,TZ220XY107（部品番号）,TZ187YMZC2,TZ190XY105（部品番号）
电动机,モーター,电机类型,モーター種類,永久磁石／同期モーター,永久磁石／同期モーター,永久磁石／同期モーター,永久磁石／同期モーター,永久磁石／同期モーター,永久磁石／同期モーター,永久磁石／同期モーター,永久磁石／同期モーター,永久磁石／同期モーター,永久磁石／同期モーター,永久磁石／同期モーター,永久磁石／同期モーター,永久磁石／同期モーター,永久磁石／同期モーター,前誘導／非同期、後永久磁石／同期モーター,前誘導／非同期、後永久磁石／同期モーター,前誘導／非同期、後永久磁石／同期モーター,前誘導／非同期、後永久磁石／同期モーター,永久磁石／同期モーター,永久磁石／同期モーター,永久磁石／同期モーター
电动机,モーター,电动机总功率(kW),モーター総出力(kW),195,195,195,345,185,185,230,230,230,230,230,230,230,230,353,353,353,353,230,227,345
电动机,モーター,电动机总马力(Ps),モーター総馬力(Ps),265,265,265,469,252,252,313,313,313,313,313,313,313,313,480,480,480,480,313,309,469
电动机,モーター,电动机总扭矩(N·m),モーター総トルク(N·m),324,324,324,634,356,356,425,425,425,425,425,425,400,400,663,663,663,663,400,315,634
电动机,モーター,前电动机最大功率(kW),前モーター最大出力(kW),-,-,-,150,-,-,-,-,-,-,-,-,-,-,123,123,123,123,-,-,150
电动机,モーター,前电动机最大扭矩(N·m),前モーター最大トルク(N·m),-,-,-,310,-,-,-,-,-,-,-,-,-,-,238,238,238,238,-,-,310
电动机,モーター,后电动机最大功率(kW),後モーター最大出力(kW),195,195,195,195,185,185,230,230,230,230,230,230,230,230,230,230,230,230,230,227,195
电动机,モーター,后电动机最大扭矩(N·m),後モーター最大トルク(N·m),324,324,324,324,356,356,425,425,425,425,425,425,400,400,425,425,425,425,400,315,324
电动机,モーター,驱动电机数,駆動モーター数,単モーター,単モーター,単モーター,デュアルモーター,単モーター,単モーター,単モーター,単モーター,単モーター,単モーター,単モーター,単モーター,単モーター,単モーター,デュアルモーター,デュアルモーター,デュアルモーター,デュアルモーター,単モーター,単モーター,デュアルモーター
电动机,モーター,电机布局,モーター配置,後置,後置,後置,前後配置,後置,後置,後置,後置,後置,後置,後置,後置,後置,後置,前後配置,前後配置,前後配置,前後配置,後置,後置,前後配置
电动机,モーター,三电系统质保,三電システム保証,● 8年または16万km保証,● 8年または16万km保証,● 8年または16万km保証,● 8年または16万km保証,● 8年または16万km保証,● 8年または16万km保証,● 8年または16万km保証,● 8年または16万km保証,● 8年または16万km保証,● 8年または16万km保証,● 8年または16万km保証,● 8年または16万km保証,-,-,● 8年または16万km保証,● 8年または16万km保証,● 8年または16万km保証,● 8年または16万km保証,● 8年または16万km保証,● 8年または16万km保証,● 8年または16万km保証
电动机,モーター,三电首任车主质保政策,三電初回オーナー保証政策,● 生涯保証／非営業用（免責条項は公式基準による）,● 生涯保証／非営業用（免責条項は公式基準による）,● 生涯保証／非営業用（免責条項は公式基準による）,● 生涯保証／非営業用（免責条項は公式基準による）,● 生涯保証／非営業用（免責条項は公式基準による）,● 生涯保証／非営業用（免責条項は公式基準による）,● 生涯保証／非営業用（免責条項は公式基準による）,● 生涯保証／非営業用（免責条項は公式基準による）,● 生涯保証／非営業用（免責条項は公式基準による）,● 生涯保証／非営業用（免責条項は公式基準による）,● 生涯保証／非営業用（免責条項は公式基準による）,● 生涯保証／非営業用（免責条項は公式基準による）,-,-,● 生涯保証／非営業用（免責条項は公式基準による）,● 生涯保証／非営業用（免責条項は公式基準による）,● 生涯保証／非営業用（免責条項は公式基準による）,● 生涯保証／非営業用（免責条項は公式基準による）,● 生涯保証／非営業用（免責条項は公式基準による）,● 生涯保証／非営業用（免責条項は公式基準による）,● 生涯保証／非営業用（免責条項は公式基準による）
电池/充电,バッテリー/充電,电池类型,バッテリー種類,● リン酸鉄リチウム電池,● リン酸鉄リチウム電池,● リン酸鉄リチウム電池,● リン酸鉄リチウム電池,● リン酸鉄リチウム電池,● リン酸鉄リチウム電池,● リン酸鉄リチウム電池,● リン酸鉄リチウム電池,● リン酸鉄リチウム電池,● リン酸鉄リチウム電池,● 三元系リチウム電池,● 三元系リチウム電池,● リン酸鉄リチウム電池,● リン酸鉄リチウム電池,● リン酸鉄リチウム電池,● 三元系リチウム電池,● 三元系リチウム電池,● 三元系リチウム電池,● 三元系リチウム電池,● リン酸鉄リチウム電池,● リン酸鉄リチウム電池
电池/充电,バッテリー/充電,电芯品牌,電池セルブランド,● 国軒高科（バッテリーメーカー）,● 国軒高科（バッテリーメーカー）,● 国軒高科（バッテリーメーカー）,● 国軒高科（バッテリーメーカー）,● フォーディ（バッテリーメーカー）,● フォーディ（バッテリーメーカー）,● CATL（寧徳時代、バッテリーメーカー）,● CATL（寧徳時代、バッテリーメーカー）,● CATL（寧徳時代、バッテリーメーカー）,● CATL（寧徳時代、バッテリーメーカー）,● CATL（寧徳時代、バッテリーメーカー）,● CATL（寧徳時代、バッテリーメーカー）,● CATL（寧徳時代、バッテリーメーカー）,● CATL（寧徳時代、バッテリーメーカー）,● CATL（寧徳時代、バッテリーメーカー）,● CATL（寧徳時代、バッテリーメーカー）,● CATL（寧徳時代、バッテリーメーカー）,● CATL（寧徳時代、バッテリーメーカー）,● CATL（寧徳時代、バッテリーメーカー）,● 得壹エナジー,● 国軒高科（バッテリーメーカー）
电池/充电,バッテリー/充電,电池特有技术,バッテリー独自技術,-,-,-,-,-,-,-,-,シェンシン電池（ブランド名）,シェンシン電池（ブランド名）,-,-,シェンシン電池（ブランド名）,シェンシン電池（ブランド名）,シェンシン電池（ブランド名）,-,-,-,-,-,-
电池/充电,バッテリー/充電,电池冷却方式,バッテリー冷却方式,液冷式,液冷式,液冷式,液冷式,液冷式,液冷式,液冷式,液冷式,液冷式,液冷式,液冷式,液冷式,液冷式,液冷式,液冷式,液冷式,液冷式,液冷式,液冷式,液冷式,液冷式
电池/充电,バッテリー/充電,WLTC纯电续航里程(km),WLTC航続距離(km),205,205,205,205,-,-,-,-,-,-,-,-,-,-,-,-,-,-,-,240,205
电池/充电,バッテリー/充電,CLTC纯电续航里程(km),CLTC航続距離(km),255,255,255,255,550,605,705,705,680,680,880,880,680,680,605,775,710,710,860,302,255
电池/充电,バッテリー/充電,WLTC综合续航(km),WLTC総合航続距離(km),1550,1550,1550,1370,-,-,-,-,-,-,-,-,-,-,-,-,-,-,-,1530,1370
电池/充电,バッテリー/充電,CLTC综合续航(km),CLTC総合航続距離(km),1645,1645,1645,1570,-,-,-,-,-,-,-,-,-,-,-,-,-,-,-,1685,1570
电池/充电,バッテリー/充電,电池能量(kWh),バッテリー容量(kWh),34.7,34.7,34.7,41.16,64,70,77,77,77,77,100,100,77,77,77,100,100,100,100.2,41.1,41.1
电池/充电,バッテリー/充電,电池能量密度(Wh/kg),バッテリーエネルギー密度(Wh/kg),125,125,125,126,-,-,-,-,-,-,-,-,-,-,-,-,-,-,-,-,-
电池/充电,バッテリー/充電,百公里耗电量(kWh/100km),100kmあたり消費電力(kWh/100km),16.4,16.4,16.4,19.6,12.4,12.7,12.1,12.1,12.4,12.4,12.1,12.1,12.4,12.4,14.2,14.4,14.9,14.9,12.4,18.2,19.6
电池/充电,バッテリー/充電,快充功能,急速充電機能,対応,対応,対応,対応,対応,対応,対応,対応,対応,対応,対応,対応,対応,対応,対応,対応,対応,対応,対応,対応,対応
电池/充电,バッテリー/充電,快充功率(kW),急速充電出力(kW),107,107,107,107,-,-,420,420,420,420,297,297,420,420,420,297,297,297,297,107,107
电池/充电,バッテリー/充電,高压快充,高圧急速充電,-,-,-,-,-,-,対応,対応,対応,対応,対応,対応,対応,対応,対応,対応,対応,対応,対応,-,-
电池/充电,バッテリー/充電,高压平台（V）,高圧プラットフォーム(V),400,400,400,400,400,400,800,800,800,800,800,800,800,800,800,800,800,800,800,400,400
电池/充电,バッテリー/充電,电池快充时间(小时),バッテリー急速充電時間(時間),0.29,0.29,0.29,0.29,0.47,0.47,0.15,0.15,0.15,0.15,0.25,0.25,0.17,0.15,0.15,0.25,0.25,0.25,0.25,0.29,0.29
电池/充电,バッテリー/充電,电池快充电量范围(%),バッテリー急速充電容量範囲(%),20-80,20-80,20-80,20-80,30-80,30-80,30-80,30-80,30-80,30-80,30-80,30-80,20-80,30-80,30-80,30-80,30-80,30-80,30-80,20-80,20-80
电池/充电,バッテリー/充電,电池慢充时间(小时),バッテリー普通充電時間(時間),5.5,5.5,5.5,6.8,-,-,13.5,13.5,13.5,13.5,16.5,16.5,11,13.5,13.5,16.5,16.5,16.5,-,-,-
电池/充电,バッテリー/充電,电池慢充电量范围(%),バッテリー普通充電容量範囲(%),5-100,5-100,5-100,5-100,-,-,5-100,5-100,5-100,5-100,5-100,5-100,5-100,5-100,5-100,5-100,5-100,5-100,-,-,-
电池/充电,バッテリー/充電,充电桩价格（元）,充電スタンド価格(元),3199,3199,3199,3199,-,-,-,-,3399,3399,3399,3399,3399,3399,3399,3399,-,3399,3399,3199,3199
电池/充电,バッテリー/充電,慢充接口位置,普通充電コネクター位置,車両左後方,車両左後方,車両左後方,車両左後方,車両左後方,車両左後方,車両左後方,車両左後方,車両左後方,車両左後方,車両左後方,車両左後方,車両左後方,車両左後方,車両左後方,車両左後方,車両左後方,車両左後方,車両左後方,車両左後方,車両左後方
电池/充电,バッテリー/充電,快充接口位置,急速充電コネクター位置,車両左後方,車両左後方,車両左後方,車両左後方,車両左後方,車両左後方,車両左後方,車両左後方,車両左後方,車両左後方,車両左後方,車両左後方,車両左後方,車両左後方,車両左後方,車両左後方,車両左後方,車両左後方,車両左後方,車両左後方,車両左後方
电池/充电,バッテリー/充電,对外交流放电功率(kW),外部交流放電出力(kW),3.3,3.3,3.3,3.3,3.3,3.3,6,6,6,6,6,6,3.3,6,6,6,6,6,6,3.3,3.3
变速箱,トランスミッション,简称,略称,電動車単速変速機,電動車単速変速機,電動車単速変速機,電動車単速変速機,電動車単速変速機,電動車単速変速機,電動車単速変速機,電動車単速変速機,電動車単速変速機,電動車単速変速機,電動車単速変速機,電動車単速変速機,電動車単速変速機,電動車単速変速機,電動車単速変速機,電動車単速変速機,電動車単速変速機,電動車単速変速機,電動車単速変速機,電動車単速変速機,電動車単速変速機
变速箱,トランスミッション,挡位个数,段数,1,1,1,1,1,1,1,1,1,1,1,1,1,1,1,1,1,1,1,1,1
变速箱,トランスミッション,变速箱类型,トランスミッション形式,固定ギア比変速機,固定ギア比変速機,固定ギア比変速機,固定ギア比変速機,固定ギア比変速機,固定ギア比変速機,固定ギア比変速機,固定ギア比変速機,固定ギア比変速機,固定ギア比変速機,固定ギア比変速機,固定ギア比変速機,固定ギア比変速機,固定ギア比変速機,固定ギア比変速機,固定ギア比変速機,固定ギア比変速機,固定ギア比変速機,固定ギア比変速機,固定ギア比変速機,固定ギア比変速機
底盘转向,シャシー・ステアリング,驱动方式,駆動方式,● 後置後輪駆動,● 後置後輪駆動,● 後置後輪駆動,● デュアルモーター四輪駆動,● 後置後輪駆動,● 後置後輪駆動,● 後置後輪駆動,● 後置後輪駆動,● 後置後輪駆動,● 後置後輪駆動,● 後置後輪駆動,● 後置後輪駆動,● 後置後輪駆動,● 後置後輪駆動,● デュアルモーター四輪駆動,● デュアルモーター四輪駆動,● デュアルモーター四輪駆動,● デュアルモーター四輪駆動,● 後置後輪駆動,● 後置後輪駆動,● デュアルモーター四輪駆動
底盘转向,シャシー・ステアリング,四驱形式,4WD方式,-,-,-,● 電動四輪駆動,-,-,-,-,-,-,-,-,-,-,● 電動四輪駆動,● 電動四輪駆動,● 電動四輪駆動,● 電動四輪駆動,-,-,● 電動四輪駆動
底盘转向,シャシー・ステアリング,前悬架类型,フロントサスペンション形式,● ダブルウィッシュボーン独立懸架,● ダブルウィッシュボーン独立懸架,● ダブルウィッシュボーン独立懸架,● ダブルウィッシュボーン独立懸架,● ダブルウィッシュボーン独立懸架,● ダブルウィッシュボーン独立懸架,● ダブルウィッシュボーン独立懸架,● ダブルウィッシュボーン独立懸架,● ダブルウィッシュボーン独立懸架,● ダブルウィッシュボーン独立懸架,● ダブルウィッシュボーン独立懸架,● ダブルウィッシュボーン独立懸架,● ダブルウィッシュボーン独立懸架,● ダブルウィッシュボーン独立懸架,● ダブルウィッシュボーン独立懸架,● ダブルウィッシュボーン独立懸架,● ダブルウィッシュボーン独立懸架,● ダブルウィッシュボーン独立懸架,● ダブルウィッシュボーン独立懸架,● ダブルウィッシュボーン独立懸架,● ダブルウィッシュボーン独立懸架
底盘转向,シャシー・ステアリング,后悬架类型,リヤサスペンション形式,● 5リンク独立懸架,● 5リンク独立懸架,● 5リンク独立懸架,● 5リンク独立懸架,● 5リンク独立懸架,● 5リンク独立懸架,● 5リンク独立懸架,● 5リンク独立懸架,● 5リンク独立懸架,● 5リンク独立懸架,● 5リンク独立懸架,● 5リンク独立懸架,● 5リンク独立懸架,● 5リンク独立懸架,● 5リンク独立懸架,● 5リンク独立懸架,● 5リンク独立懸架,● 5リンク独立懸架,● 5リンク独立懸架,● 5リンク独立懸架,● 5リンク独立懸架
底盘转向,シャシー・ステアリング,助力类型,パワーステアリング形式,● 電動パワーステアリング,● 電動パワーステアリング,● 電動パワーステアリング,● 電動パワーステアリング,● 電動パワーステアリング,● 電動パワーステアリング,● 電動パワーステアリング,● 電動パワーステアリング,● 電動パワーステアリング,● 電動パワーステアリング,● 電動パワーステアリング,● 電動パワーステアリング,● 電動パワーステアリング,● 電動パワーステアリング,● 電動パワーステアリング,● 電動パワーステアリング,● 電動パワーステアリング,● 電動パワーステアリング,● 電動パワーステアリング,● 電動パワーステアリング,● 電動パワーステアリング
底盘转向,シャシー・ステアリング,车体结构,車体構造,モノコックボディ,モノコックボディ,モノコックボディ,モノコックボディ,モノコックボディ,モノコックボディ,モノコックボディ,モノコックボディ,モノコックボディ,モノコックボディ,モノコックボディ,モノコックボディ,モノコックボディ,モノコックボディ,モノコックボディ,モノコックボディ,モノコックボディ,モノコックボディ,モノコックボディ,モノコックボディ,モノコックボディ
车轮制动,ホイール・ブレーキ,前制动器类型,フロントブレーキ形式,● ベンチレーテッドディスクブレーキ,● ベンチレーテッドディスクブレーキ,● ベンチレーテッドディスクブレーキ,● ベンチレーテッドディスクブレーキ,● ベンチレーテッドディスクブレーキ,● ベンチレーテッドディスクブレーキ,● ベンチレーテッドディスクブレーキ,● ベンチレーテッドディスクブレーキ,● ベンチレーテッドディスクブレーキ,● ベンチレーテッドディスクブレーキ,● ベンチレーテッドディスクブレーキ,● ベンチレーテッドディスクブレーキ,● ベンチレーテッドディスクブレーキ,● ベンチレーテッドディスクブレーキ,● ベンチレーテッドディスクブレーキ,● ベンチレーテッドディスクブレーキ,● ベンチレーテッドディスクブレーキ,● ベンチレーテッドディスクブレーキ,● ベンチレーテッドディスクブレーキ,● ベンチレーテッドディスクブレーキ,● ベンチレーテッドディスクブレーキ
车轮制动,ホイール・ブレーキ,后制动器类型,リヤブレーキ形式,● ベンチレーテッドディスクブレーキ,● ベンチレーテッドディスクブレーキ,● ベンチレーテッドディスクブレーキ,● ベンチレーテッドディスクブレーキ,● ベンチレーテッドディスクブレーキ,● ベンチレーテッドディスクブレーキ,● ベンチレーテッドディスクブレーキ,● ベンチレーテッドディスクブレーキ,● ベンチレーテッドディスクブレーキ,● ベンチレーテッドディスクブレーキ,● ベンチレーテッドディスクブレーキ,● ベンチレーテッドディスクブレーキ,● ベンチレーテッドディスクブレーキ,● ベンチレーテッドディスクブレーキ,● ベンチレーテッドディスクブレーキ,● ベンチレーテッドディスクブレーキ,● ベンチレーテッドディスクブレーキ,● ベンチレーテッドディスクブレーキ,● ベンチレーテッドディスクブレーキ,● ベンチレーテッドディスクブレーキ,● ベンチレーテッドディスクブレーキ
车轮制动,ホイール・ブレーキ,驻车制动类型,パーキングブレーキ形式,● 電子パーキングブレーキ,● 電子パーキングブレーキ,● 電子パーキングブレーキ,● 電子パーキングブレーキ,● 電子パーキングブレーキ,● 電子パーキングブレーキ,● 電子パーキングブレーキ,● 電子パーキングブレーキ,● 電子パーキングブレーキ,● 電子パーキングブレーキ,● 電子パーキングブレーキ,● 電子パーキングブレーキ,● 電子パーキングブレーキ,● 電子パーキングブレーキ,● 電子パーキングブレーキ,● 電子パーキングブレーキ,● 電子パーキングブレーキ,● 電子パーキングブレーキ,● 電子パーキングブレーキ,● 電子パーキングブレーキ,● 電子パーキングブレーキ
车轮制动,ホイール・ブレーキ,前轮胎规格,フロントタイヤサイズ,● 245/50 R19,● 245/50 R19,● 245/50 R19,● 245/50 R19,● 245/50 R19,● 245/50 R19,"● 245/50 R19
○ 255/40 R21（3.00万元）","● 245/50 R19
○ 255/40 R21（3.00万元）","● 245/50 R19
○ 255/40 R21（3.00万元）","● 245/50 R19
○ 255/40 R21（3.00万元）","● 245/50 R19
○ 255/40 R21（3.00万元）","● 245/50 R19
○ 255/40 R21（3.00万元）",● 245/50 R19,● 245/50 R19,● 245/50 R19,● 245/50 R19,● 255/40 R21,● 255/40 R21,"● 245/50 R19
○ 245/45 R20（6000元）","● 245/50 R19
○ 245/45 R20（6000元）",● 245/45 R20
车轮制动,ホイール・ブレーキ,后轮胎规格,リヤタイヤサイズ,● 245/50 R19,● 245/50 R19,● 245/50 R19,● 245/50 R19,● 245/50 R19,● 245/50 R19,"● 245/50 R19
○ 255/40 R21（3.00万元）","● 245/50 R19
○ 255/40 R21（3.00万元）","● 245/50 R19
○ 255/40 R21（3.00万元）","● 245/50 R19
○ 255/40 R21（3.00万元）","● 245/50 R19
○ 255/40 R21（3.00万元）","● 245/50 R19
○ 255/40 R21（3.00万元）",● 245/50 R19,● 245/50 R19,● 245/50 R19,● 245/50 R19,● 255/40 R21,● 255/40 R21,"● 245/50 R19
○ 245/45 R20","● 245/50 R19
○ 245/45 R20",● 245/45 R20
车轮制动,ホイール・ブレーキ,备胎规格,スペアタイヤ仕様,-,-,-,-,● なし,● なし,● なし,● なし,● なし,● なし,● なし,● なし,● なし,● なし,● なし,● なし,● なし,● なし,-,-,-
被动安全,衝突安全,主/副驾驶座安全气囊,運転席/助手席エアバッグ,運転席 ● / 助手席 ●,運転席 ● / 助手席 ●,運転席 ● / 助手席 ●,運転席 ● / 助手席 ●,運転席 ● / 助手席 ●,運転席 ● / 助手席 ●,運転席 ● / 助手席 ●,運転席 ● / 助手席 ●,運転席 ● / 助手席 ●,運転席 ● / 助手席 ●,運転席 ● / 助手席 ●,運転席 ● / 助手席 ●,運転席 ● / 助手席 ●,運転席 ● / 助手席 ●,運転席 ● / 助手席 ●,運転席 ● / 助手席 ●,運転席 ● / 助手席 ●,運転席 ● / 助手席 ●,運転席 ● / 助手席 ●,運転席 ● / 助手席 ●,運転席 ● / 助手席 ●
被动安全,衝突安全,前/后排侧气囊,前/後席サイドエアバッグ,前 ● / 後,前 ● / 後,前 ● / 後,前 ● / 後,前 ● / 後,前 ● / 後,前 ● / 後,前 ● / 後,前 ● / 後,前 ● / 後,前 ● / 後,前 ● / 後,前 ● / 後,前 ● / 後,前 ● / 後,前 ● / 後,前 ● / 後,前 ● / 後,前 ● / 後,前 ● / 後,前 ● / 後
被动安全,衝突安全,前/后排头部气囊(气帘),前/後席カーテンエアバッグ,前 ● / 後 ●,前 ● / 後 ●,前 ● / 後 ●,前 ● / 後 ●,前 ● / 後 ●,前 ● / 後 ●,前 ● / 後 ●,前 ● / 後 ●,前 ● / 後 ●,前 ● / 後 ●,前 ● / 後 ●,前 ● / 後 ●,前 ● / 後 ●,前 ● / 後 ●,前 ● / 後 ●,前 ● / 後 ●,前 ● / 後 ●,前 ● / 後 ●,前 ● / 後 ●,前 ● / 後 ●,前 ● / 後 ●
被动安全,衝突安全,前排中间气囊,フロントセンターエアバッグ,-,●,●,●,●,●,●,●,●,●,●,●,-,-,●,●,●,●,-,-,-
主动安全,アクティブセーフティ,ABS防抱死,ABS,●,●,●,●,●,●,●,●,●,●,●,●,●,●,●,●,●,●,●,●,●
主动安全,アクティブセーフティ,制动力分配(EBD/CBC等),EBD/CBC,●,●,●,●,●,●,●,●,●,●,●,●,●,●,●,●,●,●,●,●,●
主动安全,アクティブセーフティ,刹车辅助(EBA/BAS/BA等),ブレーキアシスト(EBA/BAS/BA),●,●,●,●,●,●,●,●,●,●,●,●,●,●,●,●,●,●,●,●,●
主动安全,アクティブセーフティ,牵引力控制(ASR/TCS/TRC等),トラクションコントロール,●,●,●,●,●,●,●,●,●,●,●,●,●,●,●,●,●,●,●,●,●
主动安全,アクティブセーフティ,车身稳定控制(ESC/ESP/DSC等),横滑り防止装置,●,●,●,●,●,●,●,●,●,●,●,●,●,●,●,●,●,●,●,●,●
主动安全,アクティブセーフティ,胎压监测功能,タイヤ空気圧監視,● タイヤ空気圧表示,● タイヤ空気圧表示,● タイヤ空気圧表示,● タイヤ空気圧表示,● タイヤ空気圧表示,● タイヤ空気圧表示,● タイヤ空気圧表示,● タイヤ空気圧表示,● タイヤ空気圧表示,● タイヤ空気圧表示,● タイヤ空気圧表示,● タイヤ空気圧表示,● タイヤ空気圧表示,● タイヤ空気圧表示,● タイヤ空気圧表示,● タイヤ空気圧表示,● タイヤ空気圧表示,● タイヤ空気圧表示,● タイヤ空気圧表示,● タイヤ空気圧表示,● タイヤ空気圧表示
主动安全,アクティブセーフティ,安全带未系提醒,シートベルト非着用警告,● 全車,● 全車,● 全車,● 全車,● 全車,● 全車,● 全車,● 全車,● 全車,● 全車,● 全車,● 全車,●,●,● 全車,● 全車,● 全車,● 全車,● 全車,● 全車,● 全車
主动安全,アクティブセーフティ,ISOFIX儿童座椅接口,ISOFIXチャイルドシート固定装置,●,●,●,●,●,●,●,●,●,●,●,●,●,●,●,●,●,●,●,●,●
主动安全,アクティブセーフティ,车道偏离预警系统,レーンディパーチャー警報,●,●,●,●,●,●,●,●,●,●,●,●,●,●,●,●,●,●,●,●,●
主动安全,アクティブセーフティ,主动刹车/主动安全系统,自動緊急ブレーキ(AEB),●,●,●,●,●,●,●,●,●,●,●,●,●,●,●,●,●,●,●,●,●
主动安全,アクティブセーフティ,疲劳驾驶提示,ドライバー疲労警報,-,●,●,●,●,●,●,●,●,●,●,●,-,●,●,●,●,●,●,●,●
主动安全,アクティブセーフティ,DOW开门预警,ドアオープン警報(DOW),-,●,●,●,●,●,●,●,●,●,●,●,-,●,●,●,●,●,●,●,●
主动安全,アクティブセーフティ,前方碰撞预警,前方衝突警告,●,●,●,●,●,●,●,●,●,●,●,●,●,●,●,●,●,●,●,●,●
主动安全,アクティブセーフティ,后方碰撞预警,後方衝突警告,-,●,●,●,●,●,●,●,●,●,●,●,-,●,●,●,●,●,●,●,●
主动安全,アクティブセーフティ,哨兵模式/千里眼,セントリーモード/千里眼機能,-,●,●,●,●,●,●,●,●,●,●,●,-,●,●,●,●,●,●,●,●
主动安全,アクティブセーフティ,低速行车警告,低速走行警告,●,●,●,●,●,●,●,●,●,●,●,●,●,●,●,●,●,●,●,●,●
主动安全,アクティブセーフティ,内置行车记录仪,内蔵ドライブレコーダー,●,●,●,●,●,●,●,●,●,●,●,●,●,●,●,●,●,●,●,●,●
主动安全,アクティブセーフティ,道路救援呼叫,緊急通報(eCall),●,●,●,●,●,●,●,●,●,●,●,●,-,●,●,●,●,●,●,●,●
驾驶操控,ドライビングコントロール,驾驶模式切换,ドライブモード切替,"● スポーツ
● エコ
● 標準／快適
● カスタム／パーソナライズ","● スポーツ
● エコ
● 標準／快適
● カスタム／パーソナライズ","● スポーツ
● エコ
● 標準／快適
● カスタム／パーソナライズ","● スポーツ
● エコ
● 標準／快適
● スノー
● カスタム／パーソナライズ","● スポーツ
● エコ
● 標準／快適
● スノー
● カスタム／パーソナライズ","● スポーツ
● エコ
● 標準／快適
● スノー
● カスタム／パーソナライズ","● スポーツ
● エコ
● 標準／快適
● カスタム／パーソナライズ","● スポーツ
● エコ
● 標準／快適
● カスタム／パーソナライズ","● スポーツ
● エコ
● 標準／快適
● カスタム／パーソナライズ","● スポーツ
● エコ
● 標準／快適
● カスタム／パーソナライズ","● スポーツ
● エコ
● 標準／快適
● カスタム／パーソナライズ","● スポーツ
● エコ
● 標準／快適
● カスタム／パーソナライズ","● スポーツ
● エコ
● 標準／快適
● カスタム／パーソナライズ","● スポーツ
● エコ
● 標準／快適
● カスタム／パーソナライズ","● スポーツ
● エコ
● 標準／快適
● スノー
● カスタム／パーソナライズ","● スポーツ
● エコ
● 標準／快適
● スノー
● カスタム／パーソナライズ","● スポーツ
● エコ
● 標準／快適
● カスタム／パーソナライズ","● スポーツ
● エコ
● 標準／快適
● スノー
● カスタム／パーソナライズ","● スポーツ
● エコ
● 標準／快適
● カスタム／パーソナライズ","● スポーツ
● エコ
● 標準／快適
● カスタム／パーソナライズ","● スポーツ
● エコ
● 標準／快適
● スノー
● カスタム／パーソナライズ"
驾驶操控,ドライビングコントロール,单踏板模式,ワンペダルモード,-,-,-,-,●,●,●,●,●,●,●,●,●,●,●,●,●,●,-,-,-
驾驶操控,ドライビングコントロール,能量回收系统,エネルギー回生システム,●,●,●,●,●,●,●,●,●,●,●,●,●,●,●,●,●,●,●,●,●
驾驶操控,ドライビングコントロール,自动驻车,オートホールド,●,●,●,●,●,●,●,●,●,●,●,●,●,●,●,●,●,●,●,●,●
驾驶操控,ドライビングコントロール,上坡辅助,ヒルスタートアシスト,●,●,●,●,●,●,●,●,●,●,●,●,●,●,●,●,●,●,●,●,●
驾驶操控,ドライビングコントロール,陡坡缓降,ヒルディセントコントロール,●,●,●,●,-,-,●,●,●,●,●,●,●,-,●,●,●,●,●,●,●
驾驶操控,ドライビングコントロール,可变悬架功能,可変サスペンション機能,-,-,-,-,-,-,-,-,"○ サスペンション硬さ調整
○ サスペンション高さ調整","○ サスペンション硬さ調整
○ サスペンション高さ調整","○ サスペンション硬さ調整
○ サスペンション高さ調整","○ サスペンション硬さ調整
○ サスペンション高さ調整",-,-,-,-,"● サスペンション硬さ調整
● サスペンション高さ調整","● サスペンション硬さ調整
● サスペンション高さ調整",● サスペンション硬さ調整,● サスペンション硬さ調整,● サスペンション硬さ調整
驾驶操控,ドライビングコントロール,空气悬架,エアサスペンション,-,-,-,-,-,-,-,-,○ （2.00万元）,○ （2.00万元）,○ （2.00万元）,○ （2.00万元）,-,-,-,-,●,●,-,-,-
驾驶操控,ドライビングコントロール,空气悬挂类型,エアサスペンションタイプ,-,-,-,-,-,-,-,-,○ 単室式,○ 単室式,○ 単室式,○ 単室式,-,-,-,-,● 単室式,● 単室式,-,-,-
驾驶硬件,運転ハードウェア,前/后驻车雷达,前/後パーキングセンサー,前 ● / 後 ●,前 ● / 後 ●,前 ● / 後 ●,前 ● / 後 ●,前 ● / 後 ●,前 ● / 後 ●,前 ● / 後 ●,前 ● / 後 ●,前 ● / 後 ●,前 ● / 後 ●,前 ● / 後 ●,前 ● / 後 ●,前-/後 ●,前 ● / 後 ●,前 ● / 後 ●,前 ● / 後 ●,前 ● / 後 ●,前 ● / 後 ●,前 ● / 後 ●,前 ● / 後 ●,前 ● / 後 ●
驾驶硬件,運転ハードウェア,驾驶辅助影像,運転支援映像,● 360度パノラマ映像,● 360度パノラマ映像,● 360度パノラマ映像,● 360度パノラマ映像,● 360度パノラマ映像,● 360度パノラマ映像,● 360度パノラマ映像,● 360度パノラマ映像,● 360度パノラマ映像,● 360度パノラマ映像,● 360度パノラマ映像,● 360度パノラマ映像,● バックカメラ映像,● 360度パノラマ映像,● 360度パノラマ映像,● 360度パノラマ映像,● 360度パノラマ映像,● 360度パノラマ映像,● 360度パノラマ映像,● 360度パノラマ映像,● 360度パノラマ映像
驾驶硬件,運転ハードウェア,透明底盘/540度影像,透明シャーシ/540度カメラ映像,●,●,●,●,●,●,●,●,●,●,●,●,-,●,●,●,●,●,●,●,●
驾驶硬件,運転ハードウェア,辅助驾驶芯片,運転支援チップ,● Horizon Journey 3（地平線征程3）,● Horizon Journey 3（地平線征程3）,● NVIDIA Orin-X 2基搭載,● NVIDIA Orin-X 2基搭載,● Horizon Journey 3（地平線征程3）,● Horizon Journey 3（地平線征程3）,● Horizon Journey 3（地平線征程3）,● NVIDIA Orin-X 2基搭載,● Horizon Journey 3（地平線征程3）,● NVIDIA Orin-X 2基搭載,● Horizon Journey 3（地平線征程3）,● NVIDIA Orin-X 2基搭載,-,● Horizon Journey 3（地平線征程3）,● Horizon Journey 3（地平線征程3）,● Horizon Journey 3（地平線征程3）,● NVIDIA Orin-X 2基搭載,● NVIDIA Orin-X 2基搭載,● NVIDIA Orin-Y,● NVIDIA Orin-Y,● NVIDIA Orin-Y
驾驶硬件,運転ハードウェア,芯片总算力,チップ総演算能力,-,● 18 TOPS,● 508 TOPS,● 508 TOPS,-,-,-,● 508 TOPS,-,● 508 TOPS,-,● 508 TOPS,-,-,-,-,● 508 TOPS,● 508 TOPS,-,-,-
驾驶硬件,運転ハードウェア,前方感知摄像头,前方検知カメラ,● 単眼カメラ,● 単眼カメラ,● 三眼カメラ,● 三眼カメラ,● 単眼カメラ,● 単眼カメラ,● 単眼カメラ,● 三眼カメラ,● 単眼カメラ,● 三眼カメラ,● 単眼カメラ,● 三眼カメラ,-,● 単眼カメラ,● 単眼カメラ,● 単眼カメラ,● 三眼カメラ,● 三眼カメラ,● ステレオカメラ,● ステレオカメラ,● ステレオカメラ
驾驶硬件,運転ハードウェア,摄像头数量,カメラ数,● 5個,● 10個,● 12個,● 12個,● 5個,● 5個,● 10個,● 12個,● 10個,● 12個,● 10個,● 12個,-,● 10個,● 10個,● 10個,● 12個,● 12個,● 11個,● 11個,● 11個
驾驶硬件,運転ハードウェア,前方感知摄像头像素,前方検知カメラ画素数,● 800万画素,● 800万画素,● 800万画素,● 800万画素,-,-,● 800万画素,● 800万画素,● 800万画素,● 800万画素,● 800万画素,● 800万画素,-,● 800万画素,● 800万画素,● 800万画素,● 800万画素,● 800万画素,● 800万画素,● 800万画素,● 800万画素
驾驶硬件,運転ハードウェア,环境感知摄像头像素,環境検知カメラ画素数,-,● 200万画素,● 200万画素,● 200万画素,-,-,● 200万画素,● 200万画素,● 200万画素,● 200万画素,● 200万画素,● 200万画素,-,-,● 200万画素,● 200万画素,● 200万画素,● 200万画素,● 200万画素,● 200万画素,● 200万画素
驾驶硬件,運転ハードウェア,环视摄像头像素,全方位カメラ画素数,● 300万画素,● 300万画素,● 300万画素,● 300万画素,● 300万画素,● 300万画素,● 300万画素,● 300万画素,● 300万画素,● 300万画素,● 300万画素,● 300万画素,-,● 300万画素,● 300万画素,● 300万画素,● 300万画素,● 300万画素,● 300万画素,● 300万画素,● 300万画素
驾驶硬件,運転ハードウェア,车内摄像头数量,車内カメラ数,-,● 1個,● 1個,● 1個,● 1個,● 1個,● 1個,● 1個,● 1個,● 1個,● 1個,● 1個,-,● 1個,● 1個,● 1個,● 2個,● 2個,● 1個,● 1個,● 1個
驾驶硬件,運転ハードウェア,超声波雷达数量,超音波レーダー数,● 8個,● 12個,● 12個,● 12個,● 8個,● 8個,● 12個,● 12個,● 12個,● 12個,● 12個,● 12個,-,● 8個,● 12個,● 12個,● 12個,● 12個,● 12個,● 12個,● 12個
驾驶硬件,運転ハードウェア,毫米波雷达数量,ミリ波レーダー数,-,● 5個,● 5個,● 5個,● 2個,● 2個,● 5個,● 5個,● 5個,● 5個,● 5個,● 5個,-,● 2個,● 5個,● 5個,● 5個,● 5個,● 3個,● 3個,● 3個
驾驶硬件,運転ハードウェア,激光雷达品牌,レーザーレーダーブランド,-,-,● RoboSense（速騰聚創）,● RoboSense（速騰聚創）,-,-,-,● RoboSense（速騰聚創）,-,● RoboSense（速騰聚創）,-,● RoboSense（速騰聚創）,-,-,-,-,● RoboSense（速騰聚創）,● RoboSense（速騰聚創）,● HESAI（禾赛科技）,● HESAI（禾赛科技）,● HESAI（禾赛科技）
驾驶硬件,運転ハードウェア,激光雷达型号,レーザーレーダーモデル,-,-,● M2,● M2,-,-,-,● M2,-,● M2,-,● M2,-,-,-,-,● M2,● M2,● ATX,● ATX,● ATX
驾驶硬件,運転ハードウェア,激光雷达数量,レーザーレーダー数,-,-,● 1個,● 1個,-,-,-,● 1個,-,● 1個,-,● 1個,-,-,-,-,● 1個,● 1個,● 1個,● 1個,● 1個
驾驶硬件,運転ハードウェア,激光雷达线数,レーザーレーダーライン数,-,-,● 126ライン,● 126ライン,-,-,-,● 126ライン,-,● 126ライン,-,● 126ライン,-,-,-,-,● 126ライン,● 126ライン,-,-,-
驾驶硬件,運転ハードウェア,激光雷达10%反射率探测距离,レーザーレーダー10%反射率検出距離,-,-,● 200m,● 200m,-,-,-,● 200m,-,● 200m,-,● 200m,-,-,-,-,● 200m,● 200m,-,-,-
驾驶硬件,運転ハードウェア,激光雷达点云数量,レーザーレーダーポイントクラウド数,-,-,● 150万回／秒,● 150万回／秒,-,-,-,● 150万回／秒,-,● 150万回／秒,-,● 150万回／秒,-,-,-,-,● 150万回／秒,● 150万回／秒,-,-,-
驾驶硬件,運転ハードウェア,前方最大探测距离,前方最大検出距離,-,-,● 250m,● 250m,-,-,-,● 250m,-,● 250m,-,● 250m,-,-,-,-,● 250m,● 250m,-,-,-
驾驶功能,運転機能,巡航系统,クルーズシステム,● 全速度域対応アダプティブクルーズコントロール,● 全速度域対応アダプティブクルーズコントロール,● 全速度域対応アダプティブクルーズコントロール,● 全速度域対応アダプティブクルーズコントロール,● 全速度域対応アダプティブクルーズコントロール,● 全速度域対応アダプティブクルーズコントロール,● 全速度域対応アダプティブクルーズコントロール,● 全速度域対応アダプティブクルーズコントロール,● 全速度域対応アダプティブクルーズコントロール,● 全速度域対応アダプティブクルーズコントロール,● 全速度域対応アダプティブクルーズコントロール,● 全速度域対応アダプティブクルーズコントロール,● 全速度域対応アダプティブクルーズコントロール,● 全速度域対応アダプティブクルーズコントロール,● 全速度域対応アダプティブクルーズコントロール,● 全速度域対応アダプティブクルーズコントロール,● 全速度域対応アダプティブクルーズコントロール,● 全速度域対応アダプティブクルーズコントロール,● 全速度域対応アダプティブクルーズコントロール,● 全速度域対応アダプティブクルーズコントロール,● 全速度域対応アダプティブクルーズコントロール
驾驶功能,運転機能,辅助驾驶系统,運転支援システム,-,● EXEED NEP,● EXEED NEP,● EXEED NEP,● EXEED NEP,● EXEED NEP,● EXEED NEP,● EXEED NEP,● EXEED NEP,● EXEED NEP,● EXEED NEP,● EXEED NEP,-,● EXEED NEP,● EXEED NEP,● EXEED NEP,● EXEED NEP,● EXEED NEP,● ハヤブサ700,● ハヤブサ700,● ハヤブサ700
驾驶功能,運転機能,辅助驾驶等级,運転支援レベル,● レベル2（L2）,● レベル2（L2）,● レベル2（L2）,● レベル2（L2）,● レベル2（L2）,● レベル2（L2）,● レベル2（L2）,● レベル2（L2）,● レベル2（L2）,● レベル2（L2）,● レベル2（L2）,● レベル2（L2）,● レベル2（L2）,● レベル2（L2）,● レベル2（L2）,● レベル2（L2）,● レベル2（L2）,● レベル2（L2）,● レベル2（L2）,● レベル2（L2）,● レベル2（L2）
驾驶功能,運転機能,倒车车侧预警系统,後退時車両接近警報,-,●,●,●,●,●,●,●,●,●,●,●,-,●,●,●,●,●,●,●,●
驾驶功能,運転機能,卫星导航系统,衛星ナビゲーションシステム,●,●,●,●,●,●,●,●,●,●,●,●,●,●,●,●,●,●,●,●,●
驾驶功能,運転機能,导航路况信息显示,ナビ交通情報表示,●,●,●,●,●,●,●,●,●,●,●,●,●,●,●,●,●,●,●,●,●
驾驶功能,運転機能,地图品牌,地図ブランド,● 高徳（Gaode）,● 高徳（Gaode）,● 高徳（Gaode）,● 高徳（Gaode）,-,-,● 高徳（Gaode）,● 高徳（Gaode）,● 高徳（Gaode）,● 高徳（Gaode）,● 高徳（Gaode）,● 高徳（Gaode）,● 高徳（Gaode）,● 高徳（Gaode）,● 高徳（Gaode）,● 高徳（Gaode）,● 高徳（Gaode）,● 高徳（Gaode）,● 高徳（Gaode）,● 高徳（Gaode）,● 高徳（Gaode）
驾驶功能,運転機能,高精地图,高精度地図,-,-,-,-,-,-,-,-,-,●,-,●,-,-,-,-,-,●,-,-,-
驾驶功能,運転機能,并线辅助,ブラインドスポットアシスト,●,●,●,●,●,●,●,●,●,●,●,●,-,●,●,●,●,●,●,●,●
驾驶功能,運転機能,车道保持辅助系统,レーンキープアシスト,●,●,●,●,●,●,●,●,●,●,●,●,●,●,●,●,●,●,●,●,●
驾驶功能,運転機能,车道居中保持,車線中央維持,●,●,●,●,-,-,●,●,●,●,●,●,●,●,●,●,●,●,●,●,●
驾驶功能,運転機能,道路交通标识识别,交通標識認識,●,●,●,●,●,●,●,●,●,●,●,●,●,●,●,●,●,●,●,●,●
驾驶功能,運転機能,辅助泊车入位,駐車支援,-,●,●,●,-,-,●,●,●,●,●,●,-,-,●,●,●,●,●,●,●
驾驶功能,運転機能,遥控泊车,リモートパーキング,-,●,●,●,-,-,●,●,●,●,●,●,-,-,●,●,●,●,●,●,●
驾驶功能,運転機能,记忆泊车,メモリーパーク機能,-,●,●,●,-,-,●,●,●,●,●,●,-,-,●,●,●,●,●,●,●
驾驶功能,運転機能,循迹倒车,トレースバック機能,-,●,●,●,-,-,●,●,●,●,●,●,-,-,●,●,●,●,●,●,●
驾驶功能,運転機能,辅助变道,車線変更支援,-,●,●,●,-,-,●,●,●,●,●,●,-,-,●,●,●,●,●,●,●
驾驶功能,運転機能,辅助匝道自动驶出(入),ランプ自動進出支援,-,●,●,●,-,-,●,●,●,●,●,●,-,-,●,●,●,●,●,●,●
驾驶功能,運転機能,信号灯识别,信号認識,-,●,●,●,-,-,-,●,-,●,-,●,-,-,-,-,●,●,●,●,●
驾驶功能,運転機能,方向盘离手检测,ハンドル手放し検知,-,●,●,●,-,-,●,●,●,●,●,●,-,●,●,●,●,●,●,●,●
驾驶功能,運転機能,起步提醒,発進リマインダー,-,●,●,●,-,-,●,●,●,●,●,●,-,●,●,●,●,●,●,●,●
驾驶功能,運転機能,辅助驾驶路段,運転支援対応区間,-,● 高速道路区間,"● 市街地区間
● 高速道路区間","● 市街地区間
● 高速道路区間",-,-,● 高速道路区間,"● 市街地区間
● 高速道路区間",● 高速道路区間,"● 市街地区間
● 高速道路区間",● 高速道路区間,"● 市街地区間
● 高速道路区間",-,-,● 高速道路区間,● 高速道路区間,"● 市街地区間
● 高速道路区間","● 市街地区間
● 高速道路区間","● 市街地区間
● 高速道路区間","● 市街地区間
● 高速道路区間","● 市街地区間
● 高速道路区間"
外观/防盗,エクステリア・盗難防止,外观套件,エクステリアキット,-,-,-,-,-,-,● スポーティスタイル,● スポーティスタイル,-,-,-,-,-,-,-,-,● スポーティスタイル,-,-,-,-
外观/防盗,エクステリア・盗難防止,电动扰流板,電動スポイラー,-,-,-,●,●,●,-,-,●,●,●,●,-,●,●,●,●,●,○,○,○
外观/防盗,エクステリア・盗難防止,轮圈材质,ホイール材質,● アルミ合金,● アルミ合金,● アルミ合金,● アルミ合金,● アルミ合金,● アルミ合金,● アルミ合金,● アルミ合金,● アルミ合金,● アルミ合金,● アルミ合金,● アルミ合金,● アルミ合金,● アルミ合金,● アルミ合金,● アルミ合金,● アルミ合金,● アルミ合金,● アルミ合金,● アルミ合金,● アルミ合金
外观/防盗,エクステリア・盗難防止,无框设计车门,フレームレスドア,●,●,●,●,●,●,●,●,●,●,●,●,●,●,●,●,●,●,●,●,●
外观/防盗,エクステリア・盗難防止,电动后备厢,パワーテールゲート,-,●,●,●,●,●,●,●,●,●,●,●,-,●,●,●,●,●,●,●,●
外观/防盗,エクステリア・盗難防止,电动后备厢位置记忆,電動トランク位置メモリー,-,●,●,●,-,-,-,-,-,-,-,-,-,-,-,-,-,-,-,-,-
外观/防盗,エクステリア・盗難防止,发动机电子防盗,エンジン電子盗難防止,●,●,●,●,-,-,-,-,-,-,-,-,-,-,-,-,-,-,-,●,●
外观/防盗,エクステリア・盗難防止,车内中控锁,集中ドアロック,●,●,●,●,●,●,●,●,●,●,●,●,●,●,●,●,●,●,●,●,●
外观/防盗,エクステリア・盗難防止,钥匙类型,キー種類,"● リモコンキー
● Bluetoothキー
● UWBデジタルキー","● リモコンキー
● Bluetoothキー
● UWBデジタルキー","● リモコンキー
● Bluetoothキー
● UWBデジタルキー","● リモコンキー
● Bluetoothキー
● UWBデジタルキー","● Bluetoothキー
● UWBデジタルキー
● NFC／RFIDキー","● Bluetoothキー
● UWBデジタルキー
● NFC／RFIDキー","● リモコンキー
● Bluetoothキー
● UWBデジタルキー
● NFC／RFIDキー","● リモコンキー
● Bluetoothキー
● UWBデジタルキー
● NFC／RFIDキー","● Bluetoothキー
● UWBデジタルキー
● NFC／RFIDキー","● Bluetoothキー
● UWBデジタルキー
● NFC／RFIDキー","● Bluetoothキー
● UWBデジタルキー
● NFC／RFIDキー","● Bluetoothキー
● UWBデジタルキー
● NFC／RFIDキー","● Bluetoothキー
● NFC／RFIDキー","● Bluetoothキー
● UWBデジタルキー
● NFC／RFIDキー","● Bluetoothキー
● UWBデジタルキー
● NFC／RFIDキー","● Bluetoothキー
● UWBデジタルキー
● NFC／RFIDキー","● リモコンキー
● Bluetoothキー
● UWBデジタルキー
● NFC／RFIDキー","● Bluetoothキー
● UWBデジタルキー
● NFC／RFIDキー","● リモコンキー
● Bluetoothキー","● リモコンキー
● Bluetoothキー","● リモコンキー
● Bluetoothキー"
外观/防盗,エクステリア・盗難防止,无钥匙启动系统,キーレススタート,●,●,●,●,●,●,●,●,●,●,●,●,●,●,●,●,●,●,●,●,●
外观/防盗,エクステリア・盗難防止,无钥匙进入功能,キーレスエントリー機能,● 前席,● 前席,● 前席,● 前席,● 全車,● 全車,● 全車,● 全車,● 全車,● 全車,● 全車,● 全車,● 全車,● 全車,● 全車,● 全車,● 全車,● 全車,● 前席,● 前席,● 前席
外观/防盗,エクステリア・盗難防止,隐藏电动门把手,自動格納式ドアハンドル,●,●,●,●,●,●,●,●,●,●,●,●,●,●,●,●,●,●,●,●,●
外观/防盗,エクステリア・盗難防止,主动闭合式进气格栅,アクティブグリルシャッター,-,-,-,-,●,●,●,●,●,●,●,●,●,●,●,●,●,●,●,-,-
外观/防盗,エクステリア・盗難防止,远程启动功能,リモートスタート機能,●,●,●,●,●,●,●,●,●,●,●,●,●,●,●,●,●,●,●,●,●
外观/防盗,エクステリア・盗難防止,电池预加热,バッテリー予熱,●,●,●,●,●,●,●,●,●,●,●,●,●,●,●,●,●,●,●,●,●
外观/防盗,エクステリア・盗難防止,对外放电,外部放電機能,●,●,●,●,●,●,●,●,●,●,●,●,●,●,●,●,●,●,●,●,●
车外灯光,外部照明,近光灯光源,ロービーム光源,● LED,● LED,● LED,● LED,● LED,● LED,● LED,● LED,● LED,● LED,● LED,● LED,● LED,● LED,● LED,● LED,● LED,● LED,● LED,● LED,● LED
车外灯光,外部照明,远光灯光源,ハイビーム光源,● LED,● LED,● LED,● LED,● LED,● LED,● LED,● LED,● LED,● LED,● LED,● LED,● LED,● LED,● LED,● LED,● LED,● LED,● LED,● LED,● LED
车外灯光,外部照明,LED日间行车灯,LEDデイタイムランニングライト,●,●,●,●,●,●,●,●,●,●,●,●,●,●,●,●,●,●,●,●,●
车外灯光,外部照明,自适应远近光,アダプティブハイビーム,●,●,●,●,●,●,●,●,●,●,●,●,●,●,●,●,●,●,●,●,●
车外灯光,外部照明,自动头灯,オートヘッドライト,●,●,●,●,●,●,●,●,●,●,●,●,●,●,●,●,●,●,●,●,●
车外灯光,外部照明,车前雾灯,フロントフォグランプ,-,-,-,-,-,-,-,-,-,-,-,-,-,-,-,-,-,-,-,-,-
车外灯光,外部照明,大灯高度可调,ヘッドライトレベライザー,●,●,●,●,●,●,●,●,●,●,●,●,●,●,●,●,●,●,●,●,●
车外灯光,外部照明,大灯延时关闭,ヘッドライト遅延消灯,●,●,●,●,●,●,●,●,●,●,●,●,●,●,●,●,●,●,●,●,●
车外灯光,外部照明,场景灯语,シーンライト機能,-,●,●,●,-,-,-,-,●,●,●,●,-,●,●,●,●,●,○,○,○
车外灯光,外部照明,辅助驾驶灯,補助運転灯,-,-,-,-,-,-,-,-,-,-,-,-,-,-,-,-,-,-,●,●,●
天窗/玻璃,サンルーフ・ガラス,天窗类型,サンルーフ種類,● 開閉不可パノラマサンルーフ,● 開閉不可パノラマサンルーフ,● 開閉不可パノラマサンルーフ,● 開閉不可パノラマサンルーフ,-,-,● 開閉不可パノラマサンルーフ,● 開閉不可パノラマサンルーフ,● 開閉不可パノラマサンルーフ,● 開閉不可パノラマサンルーフ,● 開閉不可パノラマサンルーフ,● 開閉不可パノラマサンルーフ,● 開閉不可パノラマサンルーフ,● 開閉不可パノラマサンルーフ,● 開閉不可パノラマサンルーフ,● 開閉不可パノラマサンルーフ,● 開閉不可パノラマサンルーフ,● 開閉不可パノラマサンルーフ,● 開閉不可パノラマサンルーフ,● 開閉不可パノラマサンルーフ,● 開閉不可パノラマサンルーフ
天窗/玻璃,サンルーフ・ガラス,前/后电动车窗,前/後パワーウィンドウ,前 ● / 後 ●,前 ● / 後 ●,前 ● / 後 ●,前 ● / 後 ●,前 ● / 後 ●,前 ● / 後 ●,前 ● / 後 ●,前 ● / 後 ●,前 ● / 後 ●,前 ● / 後 ●,前 ● / 後 ●,前 ● / 後 ●,前 ● / 後 ●,前 ● / 後 ●,前 ● / 後 ●,前 ● / 後 ●,前 ● / 後 ●,前 ● / 後 ●,前 ● / 後 ●,前 ● / 後 ●,前 ● / 後 ●
天窗/玻璃,サンルーフ・ガラス,车窗一键升降功能,ウインドウワンタッチ昇降機能,● 全車,● 全車,● 全車,● 全車,● 全車,● 全車,● 全車,● 全車,● 全車,● 全車,● 全車,● 全車,● 全車,● 全車,● 全車,● 全車,● 全車,● 全車,● 全車,● 全車,● 全車
天窗/玻璃,サンルーフ・ガラス,车窗防夹手功能,ウインドウ挟み込み防止機能,●,●,●,●,●,●,●,●,●,●,●,●,●,●,●,●,●,●,●,●,●
天窗/玻璃,サンルーフ・ガラス,侧窗多层隔音玻璃,サイドウインド多層防音ガラス,● 前席,● 前席,● 前席,● 前席,● 前席,● 前席,● 前席,● 前席,● 前席,● 前席,● 前席,● 前席,● 前席,● 前席,● 前席,● 前席,● 前席,● 前席,● 前席,● 前席,● 前席
天窗/玻璃,サンルーフ・ガラス,后排侧隐私玻璃,後席側プライバシーガラス,-,-,-,-,-,-,-,-,●,●,●,●,-,●,●,●,-,●,-,-,-
天窗/玻璃,サンルーフ・ガラス,车内化妆镜,車内化粧鏡,"● 運転席＋照明灯
● 助手席＋照明灯","● 運転席＋照明灯
● 助手席＋照明灯","● 運転席＋照明灯
● 助手席＋照明灯","● 運転席＋照明灯
● 助手席＋照明灯","● 運転席＋照明灯
● 助手席＋照明灯","● 運転席＋照明灯
● 助手席＋照明灯","● 運転席＋照明灯
● 助手席＋照明灯","● 運転席＋照明灯
● 助手席＋照明灯","● 運転席＋照明灯
● 助手席＋照明灯","● 運転席＋照明灯
● 助手席＋照明灯","● 運転席＋照明灯
● 助手席＋照明灯","● 運転席＋照明灯
● 助手席＋照明灯","● 運転席＋照明灯
● 助手席＋照明灯","● 運転席＋照明灯
● 助手席＋照明灯","● 運転席＋照明灯
● 助手席＋照明灯","● 運転席＋照明灯
● 助手席＋照明灯","● 運転席＋照明灯
● 助手席＋照明灯","● 運転席＋照明灯
● 助手席＋照明灯","● 運転席＋照明灯
● 助手席＋照明灯","● 運転席＋照明灯
● 助手席＋照明灯","● 運転席＋照明灯
● 助手席＋照明灯"
天窗/玻璃,サンルーフ・ガラス,后雨刷,リヤワイパー,-,-,-,-,-,-,-,-,-,-,-,-,-,-,-,-,-,-,-,-,-
天窗/玻璃,サンルーフ・ガラス,感应雨刷功能,レインセンサー機能,● 雨量感応式,● 雨量感応式,● 雨量感応式,● 雨量感応式,● 雨量感応式,● 雨量感応式,● 雨量感応式,● 雨量感応式,● 雨量感応式,● 雨量感応式,● 雨量感応式,● 雨量感応式,● 雨量感応式,● 雨量感応式,● 雨量感応式,● 雨量感応式,● 雨量感応式,● 雨量感応式,● 雨量感応式,● 雨量感応式,● 雨量感応式
外后视镜,外側ドアミラー,外后视镜功能,ドアミラー機能,"● 電動調整
● ドアミラー加熱","● 電動調整
● 電動格納
● ドアミラーメモリー
● ドアミラー加熱
● バック時自動下向き
● 施錠時自動格納","● 電動調整
● 電動格納
● ドアミラーメモリー
● ドアミラー加熱
● バック時自動下向き
● 施錠時自動格納","● 電動調整
● 電動格納
● ドアミラーメモリー
● ドアミラー加熱
● バック時自動下向き
● 施錠時自動格納","● 電動調整
● 電動格納
● ドアミラーメモリー
● ドアミラー加熱
● バック時自動下向き
● 施錠時自動格納","● 電動調整
● 電動格納
● ドアミラーメモリー
● ドアミラー加熱
● バック時自動下向き
● 施錠時自動格納","● 電動調整
● 電動格納
● ドアミラーメモリー
● ドアミラー加熱
● バック時自動下向き
● 施錠時自動格納","● 電動調整
● 電動格納
● ドアミラーメモリー
● ドアミラー加熱
● バック時自動下向き
● 施錠時自動格納","● 電動調整
● 電動格納
● ドアミラーメモリー
● ドアミラー加熱
● バック時自動下向き
● 施錠時自動格納","● 電動調整
● 電動格納
● ドアミラーメモリー
● ドアミラー加熱
● バック時自動下向き
● 施錠時自動格納","● 電動調整
● 電動格納
● ドアミラーメモリー
● ドアミラー加熱
● バック時自動下向き
● 施錠時自動格納","● 電動調整
● 電動格納
● ドアミラーメモリー
● ドアミラー加熱
● バック時自動下向き
● 施錠時自動格納","● 電動調整
● ドアミラー加熱","● 電動調整
● 電動格納
● ドアミラーメモリー
● ドアミラー加熱
● バック時自動下向き
● 施錠時自動格納","● 電動調整
● 電動格納
● ドアミラーメモリー
● ドアミラー加熱
● バック時自動下向き
● 施錠時自動格納","● 電動調整
● 電動格納
● ドアミラーメモリー
● ドアミラー加熱
● バック時自動下向き
● 施錠時自動格納","● 電動調整
● 電動格納
● ドアミラーメモリー
● ドアミラー加熱
● バック時自動下向き
● 施錠時自動格納","● 電動調整
● 電動格納
● ドアミラーメモリー
● ドアミラー加熱
● バック時自動下向き
● 施錠時自動格納","● 電動調整
● 電動格納
● ドアミラーメモリー
● ドアミラー加熱
● バック時自動下向き
● 施錠時自動格納","● 電動調整
● 電動格納
● ドアミラーメモリー
● ドアミラー加熱
● バック時自動下向き
● 施錠時自動格納","● 電動調整
● 電動格納
● ドアミラーメモリー
● ドアミラー加熱
● バック時自動下向き
● 施錠時自動格納"
互联/智能化,コネクティビティ/スマート機能,中控彩色屏幕,センターカラーディスプレイ,● タッチ液晶画面,● タッチ液晶画面,● タッチ液晶画面,● タッチ液晶画面,● タッチ液晶画面,● タッチ液晶画面,● タッチ液晶画面,● タッチ液晶画面,● タッチ液晶画面,● タッチ液晶画面,● タッチ液晶画面,● タッチ液晶画面,● タッチ液晶画面,● タッチ液晶画面,● タッチ液晶画面,● タッチ液晶画面,● タッチ液晶画面,● タッチ液晶画面,● タッチ液晶画面,● タッチ液晶画面,● タッチ液晶画面
互联/智能化,コネクティビティ/スマート機能,中控屏幕尺寸,センターディスプレイサイズ,● 15.6インチ,● 15.6インチ,● 15.6インチ,● 15.6インチ,● 15.6インチ,● 15.6インチ,● 15.6インチ,● 15.6インチ,● 15.6インチ,● 15.6インチ,● 15.6インチ,● 15.6インチ,● 15.6インチ,● 15.6インチ,● 15.6インチ,● 15.6インチ,● 15.6インチ,● 15.6インチ,● 15.6インチ,● 15.6インチ,● 15.6インチ
互联/智能化,コネクティビティ/スマート機能,中控屏幕类型,センターコンソール画面タイプ,● LCD,● LCD,● LCD,● LCD,-,-,-,-,-,-,-,-,-,-,-,-,-,-,● LCD,● LCD,● LCD
互联/智能化,コネクティビティ/スマート機能,中控屏幕分辨率,センターコンソール画面解像度,● 2.5K,● 2.5K,● 2.5K,● 2.5K,● 2.5K,● 2.5K,● 2.5K,● 2.5K,● 2.5K,● 2.5K,● 2.5K,● 2.5K,● 2.5K,● 2.5K,● 2.5K,● 2.5K,● 2.5K,● 2.5K,● 2.5K,● 2.5K,● 2.5K
互联/智能化,コネクティビティ/スマート機能,中控屏幕像素密度,センターコンソール画素密度,● 188PPI,● 188PPI,● 188PPI,● 188PPI,-,-,-,-,-,-,-,-,-,-,-,-,-,-,● 188PPI,● 188PPI,● 188PPI
互联/智能化,コネクティビティ/スマート機能,中控液晶屏分屏显示,センター液晶画面分割表示,●,●,●,●,-,-,-,-,-,-,-,-,-,-,-,-,-,-,-,-,-
互联/智能化,コネクティビティ/スマート機能,蓝牙/车载电话,Bluetooth/車載電話,●,●,●,●,●,●,●,●,●,●,●,●,●,●,●,●,●,●,●,●,●
互联/智能化,コネクティビティ/スマート機能,手机互联/映射,スマホ連携/ミラーリング,"● CarPlay対応
● HUAWEI HiCar対応
● Carlink対応","● CarPlay対応
● HUAWEI HiCar対応
● Carlink対応","● CarPlay対応
● HUAWEI HiCar対応
● Carlink対応","● CarPlay対応
● HUAWEI HiCar対応
● Carlink対応","● CarPlay対応
● HUAWEI HiCar対応","● CarPlay対応
● HUAWEI HiCar対応","● CarPlay対応
● HUAWEI HiCar対応","● CarPlay対応
● HUAWEI HiCar対応","● CarPlay対応
● HUAWEI HiCar対応","● CarPlay対応
● HUAWEI HiCar対応","● CarPlay対応
● HUAWEI HiCar対応","● CarPlay対応
● HUAWEI HiCar対応","● CarPlay対応
● HUAWEI HiCar対応","● CarPlay対応
● HUAWEI HiCar対応","● CarPlay対応
● HUAWEI HiCar対応","● CarPlay対応
● HUAWEI HiCar対応","● CarPlay対応
● HUAWEI HiCar対応","● CarPlay対応
● HUAWEI HiCar対応","● CarPlay対応
● HUAWEI HiCar対応
● Carlink対応","● CarPlay対応
● HUAWEI HiCar対応
● Carlink対応","● CarPlay対応
● HUAWEI HiCar対応
● Carlink対応"
互联/智能化,コネクティビティ/スマート機能,语音识别控制系统,音声認識操作,"● マルチメディアシステム
● ナビゲーション
● 電話
● エアコン
● パワーウインドウ","● マルチメディアシステム
● ナビゲーション
● 電話
● エアコン
● パワーウインドウ
● シートヒーター
● シートベンチレーション
● シートマッサージ","● マルチメディアシステム
● ナビゲーション
● 電話
● エアコン
● パワーウインドウ
● シートヒーター
● シートベンチレーション
● シートマッサージ","● マルチメディアシステム
● ナビゲーション
● 電話
● エアコン
● パワーウインドウ
● シートヒーター
● シートベンチレーション
● シートマッサージ","● マルチメディアシステム
● ナビゲーション
● 電話
● エアコン
● パワーウインドウ
● シートヒーター
● シートベンチレーション","● マルチメディアシステム
● ナビゲーション
● 電話
● エアコン
● パワーウインドウ
● シートヒーター
● シートベンチレーション","● マルチメディアシステム
● ナビゲーション
● 電話
● エアコン
● パワーウインドウ
● シートヒーター
● シートベンチレーション
● シートマッサージ","● マルチメディアシステム
● ナビゲーション
● 電話
● エアコン
● パワーウインドウ
● シートヒーター
● シートベンチレーション
● シートマッサージ","● マルチメディアシステム
● ナビゲーション
● 電話
● エアコン
● パワーウインドウ
● シートヒーター
● シートベンチレーション
● シートマッサージ","● マルチメディアシステム
● ナビゲーション
● 電話
● エアコン
● パワーウインドウ
● シートヒーター
● シートベンチレーション
● シートマッサージ","● マルチメディアシステム
● ナビゲーション
● 電話
● エアコン
● パワーウインドウ
● シートヒーター
● シートベンチレーション
● シートマッサージ","● マルチメディアシステム
● ナビゲーション
● 電話
● エアコン
● パワーウインドウ
● シートヒーター
● シートベンチレーション
● シートマッサージ","● マルチメディアシステム
● ナビゲーション
● 電話
● エアコン","● マルチメディアシステム
● ナビゲーション
● 電話
● エアコン
● パワーウインドウ","● マルチメディアシステム
● ナビゲーション
● 電話
● エアコン
● パワーウインドウ
● シートヒーター
● シートベンチレーション
● シートマッサージ","● マルチメディアシステム
● ナビゲーション
● 電話
● エアコン
● パワーウインドウ
● シートヒーター
● シートベンチレーション
● シートマッサージ","● マルチメディアシステム
● ナビゲーション
● 電話
● エアコン
● パワーウインドウ
● シートヒーター
● シートベンチレーション
● シートマッサージ","● マルチメディアシステム
● ナビゲーション
● 電話
● エアコン
● パワーウインドウ
● シートヒーター
● シートベンチレーション
● シートマッサージ","● マルチメディアシステム
● ナビゲーション
● 電話
● エアコン
● パワーウインドウ
● シートヒーター
● シートベンチレーション
● シートマッサージ","● マルチメディアシステム
● ナビゲーション
● 電話
● エアコン
● パワーウインドウ
● シートヒーター
● シートベンチレーション
● シートマッサージ","● マルチメディアシステム
● ナビゲーション
● 電話
● エアコン
● パワーウインドウ
● シートヒーター
● シートベンチレーション
● シートマッサージ"
互联/智能化,コネクティビティ/スマート機能,语音助手唤醒词,音声アシスタント起動ワード,● こんにちは、星途,● こんにちは、星途,● こんにちは、星途,● こんにちは、星途,● こんにちは、星途,● こんにちは、星途,● こんにちは、星途,● こんにちは、星途,● こんにちは、星途,● こんにちは、星途,● こんにちは、星途,● こんにちは、星途,● こんにちは、星途,● こんにちは、星途,● こんにちは、星途,● こんにちは、星途,● こんにちは、星途,● こんにちは、星途,● こんにちは、星途,● こんにちは、星途,● こんにちは、星途
互联/智能化,コネクティビティ/スマート機能,语音免唤醒词,音声起動ワード不要機能,●,●,●,●,●,●,●,●,●,●,●,●,●,●,●,●,●,●,●,●,●
互联/智能化,コネクティビティ/スマート機能,语音分区域唤醒识别,音声エリア別起動認識,● デュアルゾーン,● クアッドゾーン,● クアッドゾーン,● クアッドゾーン,● クアッドゾーン,● クアッドゾーン,● クアッドゾーン,● クアッドゾーン,● クアッドゾーン,● クアッドゾーン,● クアッドゾーン,● クアッドゾーン,● デュアルゾーン,● クアッドゾーン,● クアッドゾーン,● クアッドゾーン,● クアッドゾーン,● クアッドゾーン,● クアッドゾーン,● クアッドゾーン,● クアッドゾーン
互联/智能化,コネクティビティ/スマート機能,语音连续识别,音声連続認識,●,●,●,●,●,●,●,●,●,●,●,●,●,●,●,●,●,●,●,●,●
互联/智能化,コネクティビティ/スマート機能,可见即可说,見てすぐ話せる,●,●,●,●,●,●,●,●,●,●,●,●,●,●,●,●,●,●,●,●,●
互联/智能化,コネクティビティ/スマート機能,面部识别,顔認証,-,●,●,●,●,●,●,●,●,●,●,●,-,●,●,●,●,●,●,●,●
互联/智能化,コネクティビティ/スマート機能,应用商店,アプリストア,●,●,●,●,●,●,●,●,●,●,●,●,●,●,●,●,●,●,●,●,●
互联/智能化,コネクティビティ/スマート機能,车载智能系统,車載インテリジェントシステム,● Lion OS,● Lion OS,● Lion OS,● Lion OS,● Lion OS,● Lion OS,● Lion OS,● Lion OS,● Lion OS,● Lion OS,● Lion OS,● Lion OS,● Lion OS,● Lion OS,● Lion OS,● Lion OS,● Lion OS,● Lion OS,● Lion OS,● Lion OS,● Lion OS
互联/智能化,コネクティビティ/スマート機能,车机智能芯片,車載スマートチップ,● Qualcomm Snapdragon 8295P,● Qualcomm Snapdragon 8295P,● Qualcomm Snapdragon 8295P,● Qualcomm Snapdragon 8295P,● Qualcomm Snapdragon 8155,● Qualcomm Snapdragon 8155,● Qualcomm Snapdragon 8295P,● Qualcomm Snapdragon 8295P,● Qualcomm Snapdragon 8155,● Qualcomm Snapdragon 8155,● Qualcomm Snapdragon 8155,● Qualcomm Snapdragon 8155,● Qualcomm Snapdragon 8155,● Qualcomm Snapdragon 8155,● Qualcomm Snapdragon 8155,● Qualcomm Snapdragon 8155,● Qualcomm Snapdragon 8295P,● Qualcomm Snapdragon 8155,● Qualcomm Snapdragon 8295P,● Qualcomm Snapdragon 8295P,● Qualcomm Snapdragon 8295P
互联/智能化,コネクティビティ/スマート機能,后排液晶屏幕,後部座席液晶画面,-,-,●,●,-,-,-,-,-,●,-,●,-,-,-,-,-,●,-,-,-
互联/智能化,コネクティビティ/スマート機能,后排液晶屏幕尺寸,後部座席液晶画面サイズ,-,-,-,-,-,-,-,-,-,● 6インチ,-,● 6インチ,-,-,-,-,-,● 6インチ,-,-,-
互联/智能化,コネクティビティ/スマート機能,后排多媒体屏幕数量,後部座席マルチメディア画面数,-,-,● 1個,● 1個,-,-,-,-,-,● 1個,-,● 1個,-,-,-,-,-,● 1個,-,-,-
互联/智能化,コネクティビティ/スマート機能,后排控制多媒体,後部座席マルチメディア操作,-,-,●,●,-,-,-,-,-,●,-,●,-,-,-,-,-,●,-,-,-
互联/智能化,コネクティビティ/スマート機能,车机系统内存(GB),車載システムメモリ(GB),● 24,● 24,● 24,● 24,● 16,● 16,● 16,● 16,● 16,● 16,● 16,● 16,● 16,● 16,● 16,● 16,● 16,● 16,-,-,-
互联/智能化,コネクティビティ/スマート機能,车机系统存储(GB),車載システムストレージ(GB),● 256,● 256,● 256,● 256,● 128,● 128,-,-,● 128,● 256,● 128,● 256,● 128,● 128,● 128,● 128,-,● 256,-,-,-
互联/智能化,コネクティビティ/スマート機能,多指飞屏操控,マルチタッチ画面操作,●,●,●,●,-,-,-,-,-,-,-,-,-,-,-,-,-,-,-,-,-
互联/智能化,コネクティビティ/スマート機能,车联网,車載ネットワーク,●,●,●,●,●,●,●,●,●,●,●,●,●,●,●,●,●,●,●,●,●
互联/智能化,コネクティビティ/スマート機能,4G/5G网络,4G/5Gネットワーク,● 4G,● 4G,● 5G,● 5G,● 4G,● 4G,● 4G,● 5G,● 5G,● 5G,● 5G,● 5G,● 4G,● 4G,● 5G,● 4G,● 5G,● 5G,● 5G,● 5G,● 5G
互联/智能化,コネクティビティ/スマート機能,OTA升级,OTAアップデート,●,●,●,●,●,●,●,●,●,●,●,●,●,●,●,●,●,●,●,●,●
互联/智能化,コネクティビティ/スマート機能,Wi-Fi热点,Wi-Fiホットスポット,●,●,●,●,●,●,●,●,●,●,●,●,●,●,●,●,●,●,●,●,●
互联/智能化,コネクティビティ/スマート機能,车内生物监测系统,車内バイオモニタリングシステム,-,-,-,-,-,-,-,-,-,-,-,-,-,-,-,-,●,●,-,-,-
互联/智能化,コネクティビティ/スマート機能,手机APP远程功能,スマホアプリ遠隔操作,"● ドアコントロール
● ウインドウコントロール
● エンジン始動
● 充電管理
● エアコン制御
● 車両状態確認/診断
● 車両位置特定/車両探索
● オーナーサービス（充電スタンド、ガソリンスタンド、駐車場検索など）
● メンテナンス/修理予約","● ドアコントロール
● ウインドウコントロール
● エンジン始動
● 充電管理
● エアコン制御
● ステアリングヒーター
● シートヒーター
● シートベンチレーション
● 車両状態確認/診断
● 車両位置特定/車両探索
● オーナーサービス（充電スタンド、ガソリンスタンド、駐車場検索など）
● メンテナンス/修理予約","● ドアコントロール
● ウインドウコントロール
● エンジン始動
● 充電管理
● エアコン制御
● ステアリングヒーター
● シートヒーター
● シートベンチレーション
● 車両状態確認/診断
● 車両位置特定/車両探索
● オーナーサービス（充電スタンド、ガソリンスタンド、駐車場検索など）
● メンテナンス/修理予約","● ドアコントロール
● ウインドウコントロール
● エンジン始動
● 充電管理
● エアコン制御
● ステアリングヒーター
● シートヒーター
● シートベンチレーション
● 車両状態確認/診断
● 車両位置特定/車両探索
● オーナーサービス（充電スタンド、ガソリンスタンド、駐車場検索など）
● メンテナンス/修理予約","● ドアコントロール
● ウインドウコントロール
● エンジン始動
● 充電管理
● エアコン制御
● シートヒーター
● シートベンチレーション
● 車両状態確認/診断
● 車両位置特定/車両探索
● オーナーサービス（充電スタンド、ガソリンスタンド、駐車場検索など）
● メンテナンス/修理予約","● ドアコントロール
● ウインドウコントロール
● エンジン始動
● 充電管理
● エアコン制御
● シートヒーター
● シートベンチレーション
● 車両状態確認/診断
● 車両位置特定/車両探索
● オーナーサービス（充電スタンド、ガソリンスタンド、駐車場検索など）
● メンテナンス/修理予約","● ドアコントロール
● ウインドウコントロール
● エンジン始動
● 充電管理
● エアコン制御
● シートヒーター
● シートベンチレーション
● 車両状態確認/診断
● 車両位置特定/車両探索
● オーナーサービス（充電スタンド、ガソリンスタンド、駐車場検索など）
● メンテナンス/修理予約","● ドアコントロール
● ウインドウコントロール
● エンジン始動
● 充電管理
● エアコン制御
● シートヒーター
● シートベンチレーション
● 車両状態確認/診断
● 車両位置特定/車両探索
● オーナーサービス（充電スタンド、ガソリンスタンド、駐車場検索など）
● メンテナンス/修理予約","● ドアコントロール
● ウインドウコントロール
● エンジン始動
● 充電管理
● エアコン制御
● シートヒーター
● シートベンチレーション
● 車両状態確認/診断
● 車両位置特定/車両探索
● オーナーサービス（充電スタンド、ガソリンスタンド、駐車場検索など）
● メンテナンス/修理予約","● ドアコントロール
● ウインドウコントロール
● エンジン始動
● 充電管理
● エアコン制御
● シートヒーター
● シートベンチレーション
● 車両状態確認/診断
● 車両位置特定/車両探索
● オーナーサービス（充電スタンド、ガソリンスタンド、駐車場検索など）
● メンテナンス/修理予約","● ドアコントロール
● ウインドウコントロール
● エンジン始動
● 充電管理
● エアコン制御
● シートヒーター
● シートベンチレーション
● 車両状態確認/診断
● 車両位置特定/車両探索
● オーナーサービス（充電スタンド、ガソリンスタンド、駐車場検索など）
● メンテナンス/修理予約","● ドアコントロール
● ウインドウコントロール
● エンジン始動
● 充電管理
● エアコン制御
● シートヒーター
● シートベンチレーション
● 車両状態確認/診断
● 車両位置特定/車両探索
● オーナーサービス（充電スタンド、ガソリンスタンド、駐車場検索など）
● メンテナンス/修理予約","● ドアコントロール
● ウインドウコントロール
● エンジン始動
● 充電管理
● エアコン制御
● 車両状態確認/診断
● 車両位置特定/車両探索
● オーナーサービス（充電スタンド、ガソリンスタンド、駐車場検索など）
● メンテナンス/修理予約","● ドアコントロール
● ウインドウコントロール
● エンジン始動
● 充電管理
● エアコン制御
● 車両状態確認/診断
● 車両位置特定/車両探索
● オーナーサービス（充電スタンド、ガソリンスタンド、駐車場検索など）
● メンテナンス/修理予約","● ドアコントロール
● ウインドウコントロール
● エンジン始動
● 充電管理
● エアコン制御
● シートヒーター
● シートベンチレーション
● 車両状態確認/診断
● 車両位置特定/車両探索
● オーナーサービス（充電スタンド、ガソリンスタンド、駐車場検索など）
● メンテナンス/修理予約","● ドアコントロール
● ウインドウコントロール
● エンジン始動
● 充電管理
● エアコン制御
● シートヒーター
● シートベンチレーション
● 車両状態確認/診断
● 車両位置特定/車両探索
● オーナーサービス（充電スタンド、ガソリンスタンド、駐車場検索など）
● メンテナンス/修理予約","● ドアコントロール
● ウインドウコントロール
● エンジン始動
● 充電管理
● エアコン制御
● シートヒーター
● シートベンチレーション
● 車両状態確認/診断
● 車両位置特定/車両探索
● オーナーサービス（充電スタンド、ガソリンスタンド、駐車場検索など）
● メンテナンス/修理予約","● ドアコントロール
● ウインドウコントロール
● エンジン始動
● 充電管理
● エアコン制御
● シートヒーター
● シートベンチレーション
● 車両状態確認/診断
● 車両位置特定/車両探索
● オーナーサービス（充電スタンド、ガソリンスタンド、駐車場検索など）
● メンテナンス/修理予約","● ドアコントロール
● ウインドウコントロール
● エンジン始動
● 充電管理
● エアコン制御
● ステアリングヒーター
● シートヒーター
● シートベンチレーション
● 車両状態確認/診断
● 車両位置特定/車両探索
● オーナーサービス（充電スタンド、ガソリンスタンド、駐車場検索など）
● メンテナンス/修理予約","● ドアコントロール
● ウインドウコントロール
● エンジン始動
● 充電管理
● エアコン制御
● ステアリングヒーター
● シートヒーター
● シートベンチレーション
● 車両状態確認/診断
● 車両位置特定/車両探索
● オーナーサービス（充電スタンド、ガソリンスタンド、駐車場検索など）
● メンテナンス/修理予約","● ドアコントロール
● ウインドウコントロール
● エンジン始動
● 充電管理
● エアコン制御
● ステアリングヒーター
● シートヒーター
● シートベンチレーション
● 車両状態確認/診断
● 車両位置特定/車両探索
● オーナーサービス（充電スタンド、ガソリンスタンド、駐車場検索など）
● メンテナンス/修理予約"
互联/智能化,コネクティビティ/スマート機能,车载KTV,車載KTV,●,●,●,●,●,●,●,●,●,●,●,●,-,●,●,●,●,●,●,●,●
方向盘/内后视镜,ステアリング・内側ミラー,方向盘材质,ステアリング素材,● 本革,● 本革,● 本革,● 本革,● 本革,● 本革,● 本革,● 本革,● 本革,● 本革,● 本革,● 本革,● 本革,● 本革,● 本革,● 本革,● 本革,● 本革,● 本革,● 本革,● 本革
方向盘/内后视镜,ステアリング・内側ミラー,方向盘位置调节,ステアリング位置調整,● 手動上下＋前後調整,● 手動上下＋前後調整,● 手動上下＋前後調整,● 手動上下＋前後調整,● 手動上下＋前後調整,● 手動上下＋前後調整,● 手動上下＋前後調整,● 手動上下＋前後調整,● 手動上下＋前後調整,● 手動上下＋前後調整,● 手動上下＋前後調整,● 手動上下＋前後調整,● 手動上下＋前後調整,● 手動上下＋前後調整,● 手動上下＋前後調整,● 手動上下＋前後調整,● 電動上下＋前後調整,● 電動上下＋前後調整,● 手動上下＋前後調整,● 手動上下＋前後調整,● 手動上下＋前後調整
方向盘/内后视镜,ステアリング・内側ミラー,换挡形式,シフト形式,● 電子式コラムシフト,● 電子式コラムシフト,● 電子式コラムシフト,● 電子式コラムシフト,● 電子式コラムシフト,● 電子式コラムシフト,● 電子式コラムシフト,● 電子式コラムシフト,● 電子式コラムシフト,● 電子式コラムシフト,● 電子式コラムシフト,● 電子式コラムシフト,● 電子式コラムシフト,● 電子式コラムシフト,● 電子式コラムシフト,● 電子式コラムシフト,● 電子式コラムシフト,● 電子式コラムシフト,● 電子式コラムシフト,● 電子式コラムシフト,● 電子式コラムシフト
方向盘/内后视镜,ステアリング・内側ミラー,多功能方向盘,多機能ステアリングホイール,●,●,●,●,●,●,●,●,●,●,●,●,●,●,●,●,●,●,●,●,●
方向盘/内后视镜,ステアリング・内側ミラー,方向盘加热,ステアリングヒーター,-,●,●,●,-,-,●,●,●,●,●,●,-,-,●,●,●,●,●,●,●
方向盘/内后视镜,ステアリング・内側ミラー,方向盘记忆,ステアリング位置メモリー,-,-,-,-,-,-,-,-,-,-,-,-,-,-,-,-,●,●,-,-,-
方向盘/内后视镜,ステアリング・内側ミラー,行车电脑显示屏幕,ドライブコンピュータ表示画面,● カラー,● カラー,● カラー,● カラー,● カラー,● カラー,● カラー,● カラー,● カラー,● カラー,● カラー,● カラー,● カラー,● カラー,● カラー,● カラー,● カラー,● カラー,● カラー,● カラー,● カラー
方向盘/内后视镜,ステアリング・内側ミラー,全液晶仪表盘,フル液晶メーター,●,●,●,●,●,●,●,●,●,●,●,●,●,●,●,●,●,●,●,●,●
方向盘/内后视镜,ステアリング・内側ミラー,液晶仪表尺寸,液晶メーターサイズ,● 8.2インチ,● 8.2インチ,● 8.2インチ,● 8.2インチ,● 8.2インチ,● 8.2インチ,● 8.2インチ,● 8.2インチ,● 8.2インチ,● 8.2インチ,● 8.2インチ,● 8.2インチ,● 8.2インチ,● 8.2インチ,● 8.2インチ,● 8.2インチ,● 8.2インチ,● 8.2インチ,● 8.2インチ,● 8.2インチ,● 8.2インチ
方向盘/内后视镜,ステアリング・内側ミラー,仪表盘屏幕材质,メーター画面素材,● LCD,● LCD,● LCD,● LCD,-,-,-,-,-,-,-,-,-,-,-,-,-,-,● LCD,● LCD,● LCD
方向盘/内后视镜,ステアリング・内側ミラー,HUD抬头数字显示,ヘッドアップディスプレイ,-,-,-,-,-,-,-,-,●,●,●,●,-,-,●,●,●,●,-,-,-
方向盘/内后视镜,ステアリング・内側ミラー,内后视镜功能,ルームミラー機能,● 手動防眩機能,● 自動防眩機能,● 自動防眩機能,● 自動防眩機能,● 自動防眩機能,● 自動防眩機能,● 自動防眩機能,● 自動防眩機能,● 自動防眩機能,● 自動防眩機能,● 自動防眩機能,● 自動防眩機能,● 手動防眩機能,● 手動防眩機能,● 自動防眩機能,● 自動防眩機能,● 自動防眩機能,● 自動防眩機能,● 手動防眩機能,● 手動防眩機能,● 手動防眩機能
车内充电,車内充電設備,多媒体/充电接口,マルチメディア/充電ポート,"● USB
● Type-C","● USB
● Type-C","● USB
● Type-C","● USB
● Type-C","● USB
● Type-C","● USB
● Type-C","● USB
● Type-C","● USB
● Type-C","● USB
● Type-C","● USB
● Type-C","● USB
● Type-C","● USB
● Type-C","● USB
● Type-C","● USB
● Type-C","● USB
● Type-C","● USB
● Type-C","● USB
● Type-C","● USB
● Type-C","● USB
● Type-C","● USB
● Type-C","● USB
● Type-C"
车内充电,車内充電設備,USB/Type-C接口数量,USB/Type-Cポート数,● 前席2個／後席2個,● 前席2個／後席2個,● 前席2個／後席2個,● 前席2個／後席2個,● 前席2個／後席2個,● 前席2個／後席2個,● 前席2個／後席2個,● 前席2個／後席2個,● 前席2個／後席2個,● 前席2個／後席2個,● 前席2個／後席2個,● 前席2個／後席2個,● 前席2個／後席2個,● 前席2個／後席2個,● 前席2個／後席2個,● 前席2個／後席2個,● 前席2個／後席2個,● 前席2個／後席2個,● 前席2個／後席2個,● 前席2個／後席2個,● 前席2個／後席2個
车内充电,車内充電設備,USB/Type-C最大充电功率,USB/Type-C最大充電出力,● 60W,● 60W,● 60W,● 60W,● 60W,● 60W,● 60W,● 60W,● 60W,● 60W,● 60W,● 60W,● 60W,● 60W,● 60W,● 60W,● 60W,● 60W,● 60W,● 60W,● 60W
车内充电,車内充電設備,手机无线充电功能,スマホワイヤレス充電機能,● 前席,● 前席,● 前席,● 前席,● 前席,● 前席,● 前席,● 前席,● 前席,● 前席,● 前席,● 前席,● 前席,● 前席,● 前席,● 前席,● 前席,● 前席,● 前席,● 前席,● 前席
车内充电,車内充電設備,手机无线充电功率,スマホワイヤレス充電出力,● 50W,● 50W,● 50W,● 50W,● 50W,● 50W,● 50W,● 50W,● 50W,● 50W,● 50W,● 50W,● 50W,● 50W,● 50W,● 50W,● 50W,● 50W,● 50W,● 50W,● 50W
座椅配置,シート装備,座椅材质,シート素材,● 合成皮革,● 合成皮革,● 合成皮革,● 合成皮革,● 合成皮革,● 合成皮革,● 合成皮革,● 合成皮革,● 合成皮革,● 合成皮革,● 合成皮革,● 合成皮革,● 合成皮革,● 合成皮革,● 合成皮革,● 合成皮革,● 本革,● 本革,● 合成皮革,● 合成皮革,● 合成皮革
座椅配置,シート装備,主座椅调节方式,運転席シート調整方式,"● 前後調整
● リクライニング調整
● 高さ調整（2方向）","● 前後調整
● リクライニング調整
● 高さ調整（4方向）
○ レッグサポート調整
● 腰部サポート（4方向）","● 前後調整
● リクライニング調整
● 高さ調整（4方向）
● レッグサポート調整
● 腰部サポート（4方向）","● 前後調整
● リクライニング調整
● 高さ調整（4方向）
● レッグサポート調整
● 腰部サポート（4方向）","● 前後調整
● リクライニング調整
● 高さ調整（4方向）","● 前後調整
● リクライニング調整
● 高さ調整（4方向）","● 前後調整
● リクライニング調整
● 高さ調整（4方向）
● レッグサポート調整
● 腰部サポート（4方向）","● 前後調整
● リクライニング調整
● 高さ調整（4方向）
● レッグサポート調整
● 腰部サポート（4方向）","● 前後調整
● リクライニング調整
● 高さ調整（4方向）
● レッグサポート調整
● 腰部サポート（4方向）","● 前後調整
● リクライニング調整
● 高さ調整（4方向）
● レッグサポート調整
● 腰部サポート（4方向）","● 前後調整
● リクライニング調整
● 高さ調整（4方向）
● レッグサポート調整
● 腰部サポート（4方向）","● 前後調整
● リクライニング調整
● 高さ調整（4方向）
● レッグサポート調整
● 腰部サポート（4方向）","● 前後調整
● リクライニング調整
● 高さ調整（4方向）","● 前後調整
● リクライニング調整
● 高さ調整（4方向）","● 前後調整
● リクライニング調整
● 高さ調整（4方向）
● レッグサポート調整
● 腰部サポート（4方向）","● 前後調整
● リクライニング調整
● 高さ調整（4方向）
● レッグサポート調整
● 腰部サポート（4方向）","● 前後調整
● リクライニング調整
● 高さ調整（4方向）
● レッグサポート調整
● 腰部サポート（4方向）","● 前後調整
● リクライニング調整
● 高さ調整（4方向）
● レッグサポート調整
● 腰部サポート（4方向）","● 前後調整
● リクライニング調整
● 高さ調整（4方向）
● レッグサポート調整
● 腰部サポート（4方向）","● 前後調整
● 背もたれ調整
● 高さ調整（4方向）
● 腰部サポート（4方向）","● 前後調整
● リクライニング調整
● 高さ調整（4方向）
● レッグサポート調整
● 腰部サポート（4方向）"
座椅配置,シート装備,副座椅调节方式,助手席シート調整方式,"● 前後調整
● リクライニング調整
● 高さ調整（2方向）","● 前後調整
● リクライニング調整
● 高さ調整（2方向）
○ レッグサポート調整
● 腰部サポート（4方向）","● 前後調整
● リクライニング調整
● 高さ調整（4方向）
● レッグサポート調整
● 腰部サポート（4方向）","● 前後調整
● リクライニング調整
● 高さ調整（4方向）
● レッグサポート調整
● 腰部サポート（4方向）","● 前後調整
● リクライニング調整
● 高さ調整（2方向）","● 前後調整
● リクライニング調整
● 高さ調整（2方向）","● 前後調整
● リクライニング調整
● 高さ調整（4方向）
● レッグサポート調整
● 腰部サポート（4方向）","● 前後調整
● リクライニング調整
● 高さ調整（4方向）
● レッグサポート調整
● 腰部サポート（4方向）","● 前後調整
● リクライニング調整
● 高さ調整（4方向）
○ レッグサポート調整
● 腰部サポート（4方向）","● 前後調整
● リクライニング調整
● 高さ調整（4方向）
○ レッグサポート調整
● 腰部サポート（4方向）","● 前後調整
● リクライニング調整
● 高さ調整（4方向）
○ レッグサポート調整
● 腰部サポート（4方向）","● 前後調整
● リクライニング調整
● 高さ調整（4方向）
○ レッグサポート調整
● 腰部サポート（4方向）","● 前後調整
● リクライニング調整
● 高さ調整（2方向）","● 前後調整
● リクライニング調整
● 高さ調整（2方向）","● 前後調整
● リクライニング調整
● 高さ調整（4方向）
● レッグサポート調整
● 腰部サポート（4方向）","● 前後調整
● リクライニング調整
● 高さ調整（4方向）
● レッグサポート調整
● 腰部サポート（4方向）","● 前後調整
● リクライニング調整
● 高さ調整（4方向）
● レッグサポート調整
● 腰部サポート（4方向）","● 前後調整
● リクライニング調整
● 高さ調整（4方向）
● レッグサポート調整
● 腰部サポート（4方向）","● 前後調整
● リクライニング調整
● 高さ調整（4方向）
● レッグサポート調整
● 腰部サポート（4方向）","● 前後調整
● 背もたれ調整
● 高さ調整（2方向）
● 腰部サポート（4方向）","● 前後調整
● リクライニング調整
● 高さ調整（4方向）
● レッグサポート調整
● 腰部サポート（4方向）"
座椅配置,シート装備,主/副驾驶座电动调节,運転席/助手席電動調整,運転席 ● / 助手席 ●,運転席 ● / 助手席 ●,運転席 ● / 助手席 ●,運転席 ● / 助手席 ●,運転席 ● / 助手席 ●,運転席 ● / 助手席 ●,運転席 ● / 助手席 ●,運転席 ● / 助手席 ●,運転席 ● / 助手席 ●,運転席 ● / 助手席 ●,運転席 ● / 助手席 ●,運転席 ● / 助手席 ●,運転席 ● / 助手席 ●,運転席 ● / 助手席 ●,運転席 ● / 助手席 ●,運転席 ● / 助手席 ●,運転席 ● / 助手席 ●,運転席 ● / 助手席 ●,運転席 ● / 助手席 ●,運転席 ● / 助手席 ●,運転席 ● / 助手席 ●
座椅配置,シート装備,前排座椅功能,フロントシート機能,-,"● ヒーター
● ベンチレーション
● マッサージ
● ヘッドレストスピーカー（運転席のみ）","● ヒーター
● ベンチレーション
● マッサージ
● ヘッドレストスピーカー（運転席のみ）","● ヒーター
● ベンチレーション
● マッサージ
● ヘッドレストスピーカー（運転席のみ）","● ヒーター
● ベンチレーション
● ヘッドレストスピーカー（運転席のみ）","● ヒーター
● ベンチレーション
● ヘッドレストスピーカー（運転席のみ）","● ヒーター
● ベンチレーション
● マッサージ
● ヘッドレストスピーカー（運転席のみ）","● ヒーター
● ベンチレーション
● マッサージ
● ヘッドレストスピーカー（運転席のみ）","● ヒーター
● ベンチレーション
● マッサージ
● ヘッドレストスピーカー（運転席のみ）","● ヒーター
● ベンチレーション
● マッサージ
● ヘッドレストスピーカー（運転席のみ）","● ヒーター
● ベンチレーション
● マッサージ
● ヘッドレストスピーカー（運転席のみ）","● ヒーター
● ベンチレーション
● マッサージ
● ヘッドレストスピーカー（運転席のみ）",-,-,"● ヒーター
● ベンチレーション
● マッサージ
● ヘッドレストスピーカー（運転席のみ）","● ヒーター
● ベンチレーション
● マッサージ
● ヘッドレストスピーカー（運転席のみ）","● ヒーター
● ベンチレーション
● マッサージ
● ヘッドレストスピーカー（運転席のみ）","● ヒーター
● ベンチレーション
● マッサージ
● ヘッドレストスピーカー（運転席のみ）","● ヒーター
● ベンチレーション
● マッサージ
● ヘッドレストスピーカー（運転席のみ）","● ヒーター
● ベンチレーション
● マッサージ
● ヘッドレストスピーカー（運転席のみ）","● ヒーター
● ベンチレーション
● マッサージ
● ヘッドレストスピーカー（運転席のみ）"
座椅配置,シート装備,电动座椅记忆功能,電動シートメモリー機能,● 運転席,● 運転席,● 運転席,● 運転席,● 運転席,● 運転席,● 運転席,● 運転席,● 運転席,● 運転席,● 運転席,● 運転席,● 運転席,● 運転席,● 運転席,● 運転席,● 運転席,● 運転席,● 運転席,● 運転席,● 運転席
座椅配置,シート装備,副驾驶位后排可调节按钮,助手席後部調整ボタン,-,-,-,-,-,-,-,-,-,-,-,-,-,-,-,-,-,-,-,-,-
座椅配置,シート装備,第二排座椅调节,2列目シート調整,-,-,-,-,-,-,-,-,-,-,-,-,-,-,-,-,-,-,-,-,-
座椅配置,シート装備,第二排座椅功能,2列目シート機能,-,● ヒーター,● ヒーター,● ヒーター,-,-,● ヒーター,● ヒーター,● ヒーター,● ヒーター,● ヒーター,● ヒーター,● ヒーター,-,● ヒーター,● ヒーター,● ヒーター,● ヒーター,-,-,-
座椅配置,シート装備,零重力座椅,ゼログラビティシート,-,○ 助手席,● 助手席,● 助手席,-,-,● 助手席,● 助手席,○ 助手席（5000元）,○ 助手席（5000元）,○ 助手席（5000元）,○ 助手席（5000元）,-,-,● 助手席,● 助手席,● 助手席,● 助手席,● 助手席,-,● 助手席
座椅配置,シート装備,后排座椅放倒形式,後部座席倒し方,● 分割可倒式,● 分割可倒式,● 分割可倒式,● 分割可倒式,● 分割可倒式,● 分割可倒式,● 分割可倒式,● 分割可倒式,● 分割可倒式,● 分割可倒式,● 分割可倒式,● 分割可倒式,● 分割可倒式,● 分割可倒式,● 分割可倒式,● 分割可倒式,● 分割可倒式,● 分割可倒式,● 分割可倒式,● 分割可倒式,● 分割可倒式
座椅配置,シート装備,前/后中央扶手,フロント/リヤセンターアームレスト,前 ● / 後 ●,前 ● / 後 ●,前 ● / 後 ●,前 ● / 後 ●,前 ● / 後 ●,前 ● / 後 ●,前 ● / 後 ●,前 ● / 後 ●,前 ● / 後 ●,前 ● / 後 ●,前 ● / 後 ●,前 ● / 後 ●,前 ● / 後 ●,前 ● / 後,前 ● / 後 ●,前 ● / 後 ●,前 ● / 後 ●,前 ● / 後 ●,前 ● / 後 ●,前 ● / 後 ●,前 ● / 後 ●
座椅配置,シート装備,后排杯架,後席カップホルダー,●,●,●,●,●,●,●,●,●,●,●,●,●,-,●,●,●,●,●,●,●
音响/车内灯光,オーディオ・室内照明,扬声器品牌名称,スピーカーブランド名,-,-,-,-,-,-,-,-,-,-,-,-,-,-,-,-,-,-,-,-,-
音响/车内灯光,オーディオ・室内照明,扬声器数量,スピーカー数,● 8スピーカー,● 23スピーカー,● 23スピーカー,● 23スピーカー,● 23スピーカー,● 23スピーカー,● 23スピーカー,● 23スピーカー,● 23スピーカー,● 23スピーカー,● 23スピーカー,● 23スピーカー,● 8スピーカー,● 調査中,● 23スピーカー,● 23スピーカー,● 23スピーカー,● 23スピーカー,● 23スピーカー,● 23スピーカー,● 23スピーカー
音响/车内灯光,オーディオ・室内照明,触摸式阅读灯,タッチ式読書灯,●,●,●,●,●,●,●,●,●,●,●,●,-,●,●,●,●,●,●,●,●
音响/车内灯光,オーディオ・室内照明,车内环境氛围灯,車内アンビエントライト,-,● 256色,● 256色,● 256色,● 256色,● 256色,● 256色,● 256色,● 256色,● 256色,● 256色,● 256色,-,-,● 256色,● 256色,● 256色,● 256色,● 256色,● 256色,● 256色
音响/车内灯光,オーディオ・室内照明,主动式环境氛围灯,アクティブアンビエントライト,-,●,●,●,●,●,●,●,●,●,●,●,-,-,●,●,●,●,●,●,●
空调/冰箱,エアコン・冷蔵庫,空调温度控制方式,エアコン温度調整方式,● オートエアコン,● オートエアコン,● オートエアコン,● オートエアコン,● オートエアコン,● オートエアコン,● オートエアコン,● オートエアコン,● オートエアコン,● オートエアコン,● オートエアコン,● オートエアコン,● オートエアコン,● オートエアコン,● オートエアコン,● オートエアコン,● オートエアコン,● オートエアコン,● オートエアコン,● オートエアコン,● オートエアコン
空调/冰箱,エアコン・冷蔵庫,热泵空调,ヒートポンプエアコン,-,-,-,-,●,●,●,●,●,●,●,●,●,●,●,●,●,●,●,-,-
空调/冰箱,エアコン・冷蔵庫,后排独立空调,後席独立エアコン,-,-,●,●,-,-,-,●,-,●,-,●,-,-,-,-,●,●,●,●,●
空调/冰箱,エアコン・冷蔵庫,后座出风口,後部座席エアアウトレット,●,●,●,●,●,●,●,●,●,●,●,●,●,-,●,●,●,●,●,●,●
空调/冰箱,エアコン・冷蔵庫,温度分区控制,温度ゾーン別制御,●,●,●,●,●,●,●,●,●,●,●,●,●,●,●,●,●,●,●,●,●
空调/冰箱,エアコン・冷蔵庫,车载空气净化器,車載空気清浄機,-,-,●,●,●,●,-,-,●,●,●,●,-,-,●,●,●,●,-,-,-
空调/冰箱,エアコン・冷蔵庫,车内PM2.5过滤装置,車内PM2.5フィルター装置,●,●,●,●,●,●,●,●,●,●,●,●,●,●,●,●,●,●,●,●,●
空调/冰箱,エアコン・冷蔵庫,负离子发生器,マイナスイオン発生器,-,-,-,-,-,-,-,-,●,●,●,●,-,-,●,●,●,●,-,-,-
空调/冰箱,エアコン・冷蔵庫,车内香氛装置,車内アロマ装置,-,-,-,-,-,-,-,-,●,●,●,●,-,-,●,●,●,●,-,-,-
空调/冰箱,エアコン・冷蔵庫,空气质量监测,空気質センサー,-,-,●,●,●,●,-,●,●,●,●,●,-,-,●,●,●,●,-,-,-
颜色,カラー,外观颜色,外装色,–,–,–,–,–,–,–,–,–,–,–,–,–,–,–,–,–,–,–,–,–
颜色,カラー,内饰颜色,内装色,–,–,–,–,–,–,–,–,–,–,–,–,–,–,–,–,–,–,–,–,–
选装包,オプションパッケージ,超享豪华包(停止选装),超豪華パッケージ（選択不可）,-,○ オプション（価格未定）,-,-,-,-,-,-,-,-,-,-,-,-,-,-,-,-,-,-,-
选装包,オプションパッケージ,IAS智能空气悬架包,IASスマートエアサスペンションパッケージ,-,-,-,-,-,-,-,-,○ オプション（20000元）,○ オプション（20000元）,○ オプション（20000元）,○ オプション（20000元）,-,-,-,-,-,-,-,-,-
选装包,オプションパッケージ,21英寸轮毂性能包,21インチホイールパフォーマンスパッケージ,-,-,-,-,-,-,-,-,○ オプション（30000元）,○ オプション（30000元）,○ オプション（30000元）,○ オプション（30000元）,-,-,-,-,-,-,-,-,-
选装包,オプションパッケージ,疾影运动套件,疾影スポーツパッケージ,-,-,-,-,-,-,-,-,-,-,-,-,-,-,-,-,-,-,○ オプション（8999元）,○ オプション（8999元）,○ オプション（8999元）
