セクション,セクション_ja,項目,項目_ja,2025年モデル 125KM 天神智驾Max版,2025年モデル 125KM 天神智驾Ultra版,2025年モデル 210KM 天神Ultra版,2025年モデル 210KM 雲輦天神Ultra版,2025年モデル 210KM 乾崑Ultra版,2025年モデル 210KM 雲輦乾崑Ultra+版,2025年モデル レーザー乾崑智駕版,2025年モデル 雲輦レーザー乾崑智駕版
基本参数,基本仕様,厂商指导价(元),メーカー希望小売価格(元),"23.98万元（日本円 約5,035,800円）","25.98万元（日本円 約5,455,800円）","26.98万元（日本円 約5,665,800円）","27.98万元（日本円 約5,875,800円）","29.48万元（日本円 約6,190,800円）","32.98万元（日本円 約6,925,800円）","28.48万元（日本円 約5,980,800円）","32.98万元（日本円 約6,925,800円）"
基本参数,基本仕様,经销商报价,ディーラー販売価格（元）,"23.98万元（日本円 約5,035,800円）","25.98万元（日本円 約5,455,800円）","26.98万元（日本円 約5,665,800円）","27.98万元（日本円 約5,875,800円）","29.48万元（日本円 約6,190,800円）","32.98万元（日本円 約6,925,800円）","28.48万元（日本円 約5,980,800円）","32.98万元（日本円 約6,925,800円）"
基本参数,基本仕様,厂商,メーカー,ファンチェンパオ,ファンチェンパオ,ファンチェンパオ,ファンチェンパオ,ファンチェンパオ,ファンチェンパオ,ファンチェンパオ,ファンチェンパオ
基本参数,基本仕様,级别,クラス,ミッドサイズSUV,ミッドサイズSUV,ミッドサイズSUV,ミッドサイズSUV,ミッドサイズSUV,ミッドサイズSUV,ミッドサイズSUV,ミッドサイズSUV
基本参数,基本仕様,能源类型,エネルギータイプ,プラグインハイブリッド,プラグインハイブリッド,プラグインハイブリッド,プラグインハイブリッド,プラグインハイブリッド,プラグインハイブリッド,プラグインハイブリッド,プラグインハイブリッド
基本参数,基本仕様,环保标准,環境基準,国6排ガス規制,国6排ガス規制,国6排ガス規制,国6排ガス規制,国6排ガス規制,国6排ガス規制,国6排ガス規制,国6排ガス規制
基本参数,基本仕様,上市时间,発売時期,2025-02-21,2025-02-21,2025-10-20,2025-10-20,2025-10-20,2025-10-20,2025-02-21,2025-02-21
基本参数,基本仕様,WLTC纯电续航里程(km),WLTC航続距離(km),100,100,160,160,160,160,100,100
基本参数,基本仕様,CLTC纯电续航里程(km),CLTC航続距離(km),125,125,210,210,210,210,125,125
基本参数,基本仕様,电池快充时间(小时),バッテリー急速充電時間(時間),0.27,0.27,0.25,0.25,0.25,0.25,0.27,0.27
基本参数,基本仕様,电池快充电量范围(%),バッテリー急速充電量範囲(%),30-80,30-80,30-80,30-80,30-80,30-80,30-80,30-80
基本参数,基本仕様,最大功率(kW),最大出力(kW),505,505,505,505,505,505,505,505
基本参数,基本仕様,最大扭矩(N·m),最大トルク(N·m),760,760,760,760,760,760,760,760
基本参数,基本仕様,变速箱,トランスミッション,E-CVT無段変速,E-CVT無段変速,E-CVT無段変速,E-CVT無段変速,E-CVT無段変速,E-CVT無段変速,E-CVT無段変速,E-CVT無段変速
基本参数,基本仕様,车身结构,ボディ構造,5ドア5人乗りSUV,5ドア5人乗りSUV,5ドア5人乗りSUV,5ドア5人乗りSUV,5ドア5人乗りSUV,5ドア5人乗りSUV,5ドア5人乗りSUV,5ドア5人乗りSUV
基本参数,基本仕様,发动机,エンジン,1.5T 194馬力 L4,1.5T 194馬力 L4,1.5T 194馬力 L4,1.5T 194馬力 L4,1.5T 194馬力 L4,1.5T 194馬力 L4,1.5T 194馬力 L4,1.5T 194馬力 L4
基本参数,基本仕様,电动机(Ps),モーター出力(Ps),660,660,660,660,660,660,660,660
基本参数,基本仕様,长*宽*高(mm),全長×全幅×全高(mm),4890×1970×1920,4890×1970×1920,4890×1970×1920,4890×1970×1920,4890×1970×1920,4890×1970×1920,4890×1970×1920,4890×1970×1920
基本参数,基本仕様,官方0-100km/h加速(s),公式0-100km/h加速(s),4.8,4.8,4.8,4.8,4.8,4.8,4.8,4.8
基本参数,基本仕様,最高车速(km/h),最高速度(km/h),180,180,180,180,180,180,180,180
基本参数,基本仕様,WLTC综合油耗(L/100km),WLTC総合燃費(L/100km),1.79,1.79,1.23,1.23,1.23,1.23,1.79,1.79
基本参数,基本仕様,最低荷电状态油耗(L/100km)WLTC,最低荷電状態燃費(L/100km)WLTC,8.85,8.85,8.43,8.43,8.43,8.43,8.85,8.85
基本参数,基本仕様,油电综合燃料消耗量(L/100km),ハイブリッド総合燃料消費量(L/100km),4.52,4.52,4.14,4.14,4.14,4.14,4.52,4.52
基本参数,基本仕様,整车质保,車両保証,● 6年または15万km,● 6年または15万km,● 6年または15万km,● 6年または15万km,● 6年または15万km,● 6年または15万km,● 6年または15万km,● 6年または15万km
基本参数,基本仕様,整备质量(kg),車両重量(kg),2998,2998,2950,3040,2950,3040,2998,2998
基本参数,基本仕様,最大满载质量(kg),最大積載質量(kg),3373,3373,3450,3490,3450,3490,3373,3373
基本参数,基本仕様,准拖挂车总质量(kg),準牽引車総質量(kg),2500,2500,2500,2500,2500,2500,2500,2500
车身,車体,长度(mm),全長(mm),4890,4890,4890,4890,4890,4890,4890,4890
车身,車体,宽度(mm),全幅(mm),1970,1970,1970,1970,1970,1970,1970,1970
车身,車体,高度(mm),全高(mm),1920,1920,1920,1920,1920,1920,1920,1920
车身,車体,轴距(mm),ホイールベース(mm),2800,2800,2800,2800,2800,2800,2800,2800
车身,車体,前轮距(mm),前トレッド(mm),1660,1660,1660,1660,1660,1660,1660,1660
车身,車体,后轮距(mm),後トレッド(mm),1660,1660,1660,1660,1660,1660,1660,1660
车身,車体,满载最小离地间隙(mm),満載時最小最低地上高(mm),220,220,220,310,220,310,220,310
车身,車体,接近角(°),アプローチアングル(°),35,35,35,35,35,35,35,39
车身,車体,离去角(°),デパーチャーアングル(°),32,32,31,31,31,31,32,35
车身,車体,纵向通过角(°),ランプブレークオーバーアングル(°),20,20,20,20,20,20,20,20
车身,車体,最大涉水深度(mm),最大渡河深度(mm),700,700,700,790,700,790,700,790
车身,車体,车身结构,ボディ構造,SUV,SUV,SUV,SUV,SUV,SUV,SUV,SUV
车身,車体,车门开启方式,ドア開閉方式,ヒンジドア,ヒンジドア,ヒンジドア,ヒンジドア,ヒンジドア,ヒンジドア,ヒンジドア,ヒンジドア
车身,車体,车门数(个),ドア数(枚),● 5,● 5,● 5,● 5,● 5,● 5,● 5,● 5
车身,車体,座位数(个),乗車定員(名),● 5,● 5,● 5,● 5,● 5,● 5,● 5,● 5
车身,車体,油箱容积(L),燃料タンク容量(L),83,83,83,83,83,83,83,83
车身,車体,后备厢容积(L),トランク容量(L),-,-,-,-,-,-,-,-
车身,車体,风阻系数(Cd),空気抵抗係数(Cd),-,-,-,-,-,-,-,-
发动机,エンジン,发动机型号,エンジン型式,BYD476ZQF,BYD476ZQF,BYD476ZQF,BYD476ZQF,BYD476ZQF,BYD476ZQF,BYD476ZQF,BYD476ZQF
发动机,エンジン,排量(mL),排気量(mL),1497,1497,1497,1497,1497,1497,1497,1497
发动机,エンジン,排量(L),排気量(L),1.5,1.5,1.5,1.5,1.5,1.5,1.5,1.5
发动机,エンジン,进气形式,過給形式,ターボチャージャー,ターボチャージャー,ターボチャージャー,ターボチャージャー,ターボチャージャー,ターボチャージャー,ターボチャージャー,ターボチャージャー
发动机,エンジン,发动机布局,エンジン配置,縦置き,縦置き,縦置き,縦置き,縦置き,縦置き,縦置き,縦置き
发动机,エンジン,气缸排列形式,シリンダー配列,L,L,L,L,L,L,L,L
发动机,エンジン,气缸数(个),シリンダー数(個),4,4,4,4,4,4,4,4
发动机,エンジン,每缸气门数(个),1気筒あたりバルブ数(個),4,4,4,4,4,4,4,4
发动机,エンジン,配气机构,バルブ機構,DOHC,DOHC,DOHC,DOHC,DOHC,DOHC,DOHC,DOHC
发动机,エンジン,最大马力(Ps),最高出力(Ps),194,194,194,194,194,194,194,194
发动机,エンジン,最大功率(kW),最大出力(kW),143,143,143,143,143,143,143,143
发动机,エンジン,最大功率转速(rpm),最大出力発生回転数(rpm),-,-,-,-,-,-,-,-
发动机,エンジン,最大扭矩(N·m),最大トルク(N·m),273,273,273,273,273,273,273,273
发动机,エンジン,最大扭矩转速(rpm),最大トルク発生回転数(rpm),-,-,-,-,-,-,-,-
发动机,エンジン,最大净功率(kW),最大ネット出力(kW),135,135,135,135,135,135,135,135
发动机,エンジン,能源类型,エネルギータイプ,プラグインハイブリッド,プラグインハイブリッド,プラグインハイブリッド,プラグインハイブリッド,プラグインハイブリッド,プラグインハイブリッド,プラグインハイブリッド,プラグインハイブリッド
发动机,エンジン,燃油标号,燃料オクタン価,レギュラーガソリン（92号）,レギュラーガソリン（92号）,レギュラーガソリン（92号）,レギュラーガソリン（92号）,レギュラーガソリン（92号）,レギュラーガソリン（92号）,レギュラーガソリン（92号）,レギュラーガソリン（92号）
发动机,エンジン,供油方式,燃料供給方式,直噴,直噴,直噴,直噴,直噴,直噴,直噴,直噴
发动机,エンジン,缸盖材料,シリンダーヘッド材質,アルミ合金,アルミ合金,アルミ合金,アルミ合金,アルミ合金,アルミ合金,アルミ合金,アルミ合金
发动机,エンジン,缸体材料,シリンダーブロック材質,アルミ合金,アルミ合金,アルミ合金,アルミ合金,アルミ合金,アルミ合金,アルミ合金,アルミ合金
发动机,エンジン,环保标准,環境基準,国6排ガス規制,国6排ガス規制,国6排ガス規制,国6排ガス規制,国6排ガス規制,国6排ガス規制,国6排ガス規制,国6排ガス規制
电动机,モーター,前电动机型号,前モーター型式,TZ220XYAB,TZ220XYAB,TZ220XYAB,TZ220XYAB,TZ220XYAB,TZ220XYAB,TZ220XYAB,TZ220XYAB
电动机,モーター,后电动机型号,後モーター型式,TZ200XYA,TZ200XYA,TZ200XYA,TZ200XYA,TZ200XYA,TZ200XYA,TZ200XYA,TZ200XYA
电动机,モーター,电机类型,モーター種類,永久磁石/同期,永久磁石/同期,永久磁石/同期,永久磁石/同期,永久磁石/同期,永久磁石/同期,永久磁石/同期,永久磁石/同期
电动机,モーター,电动机总功率(kW),モーター総出力(kW),485,485,485,485,485,485,485,485
电动机,モーター,电动机总马力(Ps),モーター総馬力(Ps),660,660,660,660,660,660,660,660
电动机,モーター,电动机总扭矩(N·m),モーター総トルク(N·m),760,760,760,760,760,760,760,760
电动机,モーター,前电动机最大功率(kW),前モーター最大出力(kW),200,200,200,200,200,200,200,200
电动机,モーター,前电动机最大扭矩(N·m),前モーター最大トルク(N·m),360,360,360,360,360,360,360,360
电动机,モーター,后电动机最大功率(kW),後モーター最大出力(kW),285,285,285,285,285,285,285,285
电动机,モーター,后电动机最大扭矩(N·m),後モーター最大トルク(N·m),400,400,400,400,400,400,400,400
电动机,モーター,系统综合功率(kW),システム総合出力(kW),505,505,505,505,505,505,505,505
电动机,モーター,系统综合马力(Ps),システム総合馬力(Ps),687,687,687,687,687,687,687,687
电动机,モーター,系统综合扭矩(N·m),システム総合トルク(N·m),760,760,760,760,760,760,760,760
电动机,モーター,驱动电机数,駆動モーター数,デュアルモーター,デュアルモーター,デュアルモーター,デュアルモーター,デュアルモーター,デュアルモーター,デュアルモーター,デュアルモーター
电动机,モーター,电机布局,モーター配置,前置＋後置,前置＋後置,前置＋後置,前置＋後置,前置＋後置,前置＋後置,前置＋後置,前置＋後置
电动机,モーター,三电首任车主质保政策,三電システム初回オーナー保証政策,● 生涯保証／非営業用（免責条項は公式基準による）,● 生涯保証／非営業用（免責条項は公式基準による）,● 生涯保証／非営業用（免責条項は公式基準による）,● 生涯保証／非営業用（免責条項は公式基準による）,● 生涯保証／非営業用（免責条項は公式基準による）,● 生涯保証／非営業用（免責条項は公式基準による）,● 生涯保証／非営業用（免責条項は公式基準による）,● 生涯保証／非営業用（免責条項は公式基準による）
电池/充电,バッテリー/充電,电池类型,バッテリー種類,● リン酸鉄リチウム電池,● リン酸鉄リチウム電池,● リン酸鉄リチウム電池,● リン酸鉄リチウム電池,● リン酸鉄リチウム電池,● リン酸鉄リチウム電池,● リン酸鉄リチウム電池,● リン酸鉄リチウム電池
电池/充电,バッテリー/充電,电芯品牌,電池セルブランド,● フォーディ,● フォーディ,● フォーディ,● フォーディ,● フォーディ,● フォーディ,● フォーディ,● フォーディ
电池/充电,バッテリー/充電,电池特有技术,バッテリー独自技術,ブレードバッテリー,ブレードバッテリー,ブレードバッテリー,ブレードバッテリー,ブレードバッテリー,ブレードバッテリー,ブレードバッテリー,ブレードバッテリー
电池/充电,バッテリー/充電,电池冷却方式,バッテリー冷却方式,直冷式,直冷式,直冷式,直冷式,直冷式,直冷式,直冷式,直冷式
电池/充电,バッテリー/充電,WLTC纯电续航里程(km),WLTC航続距離(km),100,100,160,160,160,160,100,100
电池/充电,バッテリー/充電,CLTC纯电续航里程(km),CLTC航続距離(km),125,125,210,210,210,210,125,125
电池/充电,バッテリー/充電,NEDC综合续航(km),NEDC総合航続距離(km),1200,1200,-,-,-,-,1200,1200
电池/充电,バッテリー/充電,电池能量(kWh),バッテリー容量(kWh),31.8,31.8,47.8,47.8,47.8,47.8,31.8,31.8
电池/充电,バッテリー/充電,百公里耗电量(kWh/100km),100kmあたり消費電力量(kWh/100km),23.5,23.5,25.1,25.1,25.1,25.1,23.5,23.5
电池/充电,バッテリー/充電,快充功能,急速充電機能,対応,対応,対応,対応,対応,対応,対応,対応
电池/充电,バッテリー/充電,快充功率(kW),急速充電出力(kW),100,100,150,150,150,150,100,100
电池/充电,バッテリー/充電,电池快充时间(小时),バッテリー急速充電時間(時間),0.27,0.27,0.25,0.25,0.25,0.25,0.27,0.27
电池/充电,バッテリー/充電,电池快充电量范围(%),バッテリー急速充電量範囲(%),30-80,30-80,30-80,30-80,30-80,30-80,30-80,30-80
电池/充电,バッテリー/充電,慢充接口位置,普通充電コネクタ位置,車両右後方,車両右後方,車両右後方,車両右後方,車両右後方,車両右後方,車両右後方,車両右後方
电池/充电,バッテリー/充電,快充接口位置,急速充電コネクタ位置,車両右後方,車両右後方,車両右後方,車両右後方,車両右後方,車両右後方,車両右後方,車両右後方
电池/充电,バッテリー/充電,对外交流放电功率(kW),外部交流放電出力(kW),6,6,6,6,6,6,6,6
变速箱,トランスミッション,简称,略称,E-CVT無段変速,E-CVT無段変速,E-CVT無段変速,E-CVT無段変速,E-CVT無段変速,E-CVT無段変速,E-CVT無段変速,E-CVT無段変速
变速箱,トランスミッション,挡位个数,段数,無段変速,無段変速,無段変速,無段変速,無段変速,無段変速,無段変速,無段変速
变速箱,トランスミッション,变速箱类型,トランスミッション形式,電子無段変速機（E-CVT）,電子無段変速機（E-CVT）,電子無段変速機（E-CVT）,電子無段変速機（E-CVT）,電子無段変速機（E-CVT）,電子無段変速機（E-CVT）,電子無段変速機（E-CVT）,電子無段変速機（E-CVT）
底盘转向,シャシー・ステアリング,驱动方式,駆動方式,● 前置四輪駆動,● 前置四輪駆動,● 前置四輪駆動,● 前置四輪駆動,● 前置四輪駆動,● 前置四輪駆動,● 前置四輪駆動,● 前置四輪駆動
底盘转向,シャシー・ステアリング,四驱形式,4WD方式,● 電動四輪駆動,● 電動四輪駆動,● 電動四輪駆動,● 電動四輪駆動,● 電動四輪駆動,● 電動四輪駆動,● 電動四輪駆動,● 電動四輪駆動
底盘转向,シャシー・ステアリング,前悬架类型,フロントサスペンション形式,● ダブルウィッシュボーン独立サスペンション,● ダブルウィッシュボーン独立サスペンション,● ダブルウィッシュボーン独立サスペンション,● ダブルウィッシュボーン独立サスペンション,● ダブルウィッシュボーン独立サスペンション,● ダブルウィッシュボーン独立サスペンション,● ダブルウィッシュボーン独立サスペンション,● ダブルウィッシュボーン独立サスペンション
底盘转向,シャシー・ステアリング,后悬架类型,リヤサスペンション形式,● ダブルウィッシュボーン独立サスペンション,● ダブルウィッシュボーン独立サスペンション,● ダブルウィッシュボーン独立サスペンション,● ダブルウィッシュボーン独立サスペンション,● ダブルウィッシュボーン独立サスペンション,● ダブルウィッシュボーン独立サスペンション,● ダブルウィッシュボーン独立サスペンション,● ダブルウィッシュボーン独立サスペンション
底盘转向,シャシー・ステアリング,助力类型,パワーステアリング形式,● 電動パワーステアリング,● 電動パワーステアリング,● 電動パワーステアリング,● 電動パワーステアリング,● 電動パワーステアリング,● 電動パワーステアリング,● 電動パワーステアリング,● 電動パワーステアリング
底盘转向,シャシー・ステアリング,车体结构,車体構造,非一体式ボディ,非一体式ボディ,非一体式ボディ,非一体式ボディ,非一体式ボディ,非一体式ボディ,非一体式ボディ,非一体式ボディ
车轮制动,ホイール・ブレーキ,前制动器类型,フロントブレーキ形式,● ベンチレーテッドディスク,● ベンチレーテッドディスク,● ベンチレーテッドディスク,● ベンチレーテッドディスク,● ベンチレーテッドディスク,● ベンチレーテッドディスク,● ベンチレーテッドディスク,● ベンチレーテッドディスク
车轮制动,ホイール・ブレーキ,后制动器类型,リヤブレーキ形式,● ベンチレーテッドディスク,● ベンチレーテッドディスク,● ベンチレーテッドディスク,● ベンチレーテッドディスク,● ベンチレーテッドディスク,● ベンチレーテッドディスク,● ベンチレーテッドディスク,● ベンチレーテッドディスク
车轮制动,ホイール・ブレーキ,驻车制动类型,パーキングブレーキ形式,● 電子パーキングブレーキ,● 電子パーキングブレーキ,● 電子パーキングブレーキ,● 電子パーキングブレーキ,● 電子パーキングブレーキ,● 電子パーキングブレーキ,● 電子パーキングブレーキ,● 電子パーキングブレーキ
车轮制动,ホイール・ブレーキ,前轮胎规格,フロントタイヤサイズ,"● 265/65 R18
○ 275/55 R20（10,000元）","● 265/65 R18
○ 275/55 R20（10,000元）","● 265/65 R18
○ 275/55 R20（10,000元）","● 265/65 R18
○ 275/55 R20（10,000元）","● 265/65 R18
○ 275/55 R20（10,000元）","● 265/65 R18
○ 275/55 R20（10,000元）","● 265/65 R18
○ 275/55 R20（10,000元）","● 265/65 R18
○ 275/55 R20（10,000元）"
车轮制动,ホイール・ブレーキ,后轮胎规格,リヤタイヤサイズ,"● 265/65 R18
○ 275/55 R20","● 265/65 R18
○ 275/55 R20","● 265/65 R18
○ 275/55 R20","● 265/65 R18
○ 275/55 R20","● 265/65 R18
○ 275/55 R20","● 265/65 R18
○ 275/55 R20","● 265/65 R18
○ 275/55 R20","● 265/65 R18
○ 275/55 R20"
车轮制动,ホイール・ブレーキ,备胎规格,スペアタイヤ仕様,● フルサイズ,● フルサイズ,● フルサイズ,● フルサイズ,● フルサイズ,● フルサイズ,● フルサイズ,● フルサイズ
车轮制动,ホイール・ブレーキ,备胎放置方式,スペアタイヤ設置方法,● 背負式,● 背負式,● 背負式,● 背負式,● 背負式,● 背負式,● 背負式,● 背負式
被动安全,衝突安全,主/副驾驶座安全气囊,運転席/助手席エアバッグ,主 ● / 副 ●,主 ● / 副 ●,主 ● / 副 ●,主 ● / 副 ●,主 ● / 副 ●,主 ● / 副 ●,主 ● / 副 ●,主 ● / 副 ●
被动安全,衝突安全,前/后排侧气囊,前/後席サイドエアバッグ,前 ● / 後 ●,前 ● / 後 ●,前 ● / 後 ●,前 ● / 後 ●,前 ● / 後 ●,前 ● / 後 ●,前 ● / 後 ●,前 ● / 後 ●
被动安全,衝突安全,前/后排头部气囊(气帘),前/後席カーテンエアバッグ,前 ● / 後 ●,前 ● / 後 ●,前 ● / 後 ●,前 ● / 後 ●,前 ● / 後 ●,前 ● / 後 ●,前 ● / 後 ●,前 ● / 後 ●
被动安全,衝突安全,膝部气囊,ニーエアバッグ,● 運転席膝部エアバッグ,● 運転席膝部エアバッグ,-,-,-,-,● 運転席膝部エアバッグ,● 運転席膝部エアバッグ
被动安全,衝突安全,前排中间气囊,フロントセンターエアバッグ,-,-,●,●,●,●,-,-
主动安全,アクティブセーフティ,ABS防抱死,ABS,●,●,●,●,●,●,●,●
主动安全,アクティブセーフティ,制动力分配(EBD/CBC等),EBD/CBC,●,●,●,●,●,●,●,●
主动安全,アクティブセーフティ,刹车辅助(EBA/BAS/BA等),ブレーキアシスト(EBA/BAS/BA),●,●,●,●,●,●,●,●
主动安全,アクティブセーフティ,牵引力控制(ASR/TCS/TRC等),トラクションコントロール,●,●,●,●,●,●,●,●
主动安全,アクティブセーフティ,车身稳定控制(ESC/ESP/DSC等),横滑り防止装置,●,●,●,●,●,●,●,●
主动安全,アクティブセーフティ,胎压监测功能,タイヤ空気圧監視,● タイヤ空気圧表示,● タイヤ空気圧表示,● タイヤ空気圧表示,● タイヤ空気圧表示,● タイヤ空気圧表示,● タイヤ空気圧表示,● タイヤ空気圧表示,● タイヤ空気圧表示
主动安全,アクティブセーフティ,安全带未系提醒,シートベルト非着用警告,●,●,● 全車,● 全車,● 全車,● 全車,●,●
主动安全,アクティブセーフティ,ISOFIX儿童座椅接口,ISOFIXチャイルドシート固定用インターフェース,●,●,●,●,●,●,●,●
主动安全,アクティブセーフティ,车道偏离预警系统,レーンディパーチャー警報,●,●,●,●,●,●,●,●
主动安全,アクティブセーフティ,主动刹车/主动安全系统,自動緊急ブレーキ(AEB),●,●,●,●,●,●,●,●
主动安全,アクティブセーフティ,疲劳驾驶提示,ドライバー疲労警報,●,●,●,●,●,●,●,●
主动安全,アクティブセーフティ,DOW开门预警,ドアオープン警報(DOW),●,●,●,●,●,●,●,●
主动安全,アクティブセーフティ,前方碰撞预警,前方衝突警告,●,●,●,●,●,●,●,●
主动安全,アクティブセーフティ,后方碰撞预警,後方衝突警告,●,●,●,●,●,●,●,●
主动安全,アクティブセーフティ,哨兵模式/千里眼,セントリーモード/千里眼機能,●,●,●,●,●,●,●,●
主动安全,アクティブセーフティ,低速行车警告,低速走行警告,●,●,●,●,●,●,●,●
主动安全,アクティブセーフティ,内置行车记录仪,内蔵ドライブレコーダー,●,●,●,●,●,●,●,●
主动安全,アクティブセーフティ,道路救援呼叫,緊急通報(eCall),●,●,●,●,●,●,●,●
主动安全,アクティブセーフティ,防侧翻系统,横転防止システム,●,●,●,●,●,●,●,●
驾驶操控,ドライビングコントロール,驾驶模式切换,ドライブモード切替,"● スポーツ
● エコノミー
● 標準／快適
● オフロード
● スノー
● カスタム／パーソナライズ","● スポーツ
● エコノミー
● 標準／快適
● オフロード
● スノー
● カスタム／パーソナライズ","● スポーツ
● エコノミー
● 標準／快適
● オフロード
● スノー
● カスタム／パーソナライズ","● スポーツ
● エコノミー
● 標準／快適
● オフロード
● スノー
● カスタム／パーソナライズ","● スポーツ
● エコノミー
● 標準／快適
● オフロード
● スノー
● カスタム／パーソナライズ","● スポーツ
● エコノミー
● 標準／快適
● オフロード
● スノー
● カスタム／パーソナライズ","● スポーツ
● エコノミー
● 標準／快適
● オフロード
● スノー
● カスタム／パーソナライズ","● スポーツ
● エコノミー
● 標準／快適
● オフロード
● スノー
● カスタム／パーソナライズ"
驾驶操控,ドライビングコントロール,发动机启停技术,エンジンスタートストップ技術,-,-,●,●,●,●,-,-
驾驶操控,ドライビングコントロール,能量回收系统,エネルギー回生システム,●,●,●,●,●,●,●,●
驾驶操控,ドライビングコントロール,自动驻车,オートホールド,●,●,●,●,●,●,●,●
驾驶操控,ドライビングコントロール,上坡辅助,ヒルスタートアシスト,●,●,●,●,●,●,●,●
驾驶操控,ドライビングコントロール,陡坡缓降,ヒルディセントコントロール,●,●,●,●,●,●,●,●
驾驶操控,ドライビングコントロール,可变悬架功能,可変サスペンション機能,-,-,-,"● サスペンション硬さ調整
● サスペンション高さ調整",-,"● サスペンション硬さ調整
● サスペンション高さ調整",-,"● サスペンション硬さ調整
● サスペンション高さ調整"
驾驶操控,ドライビングコントロール,拖挂模式,トレーラーモード,●,●,●,●,●,●,●,●
四驱/越野,4WD/オフロード,中央差速器锁止功能,センターデフロック機能,●,●,●,●,●,●,●,●
四驱/越野,4WD/オフロード,限滑差速器/差速锁,リミテッドスリップデフ/デフロック,"○ フロントアクスルデフロック
● リアアクスルデフロック","○ フロントアクスルデフロック
● リアアクスルデフロック","○ フロントアクスルデフロック
● リアアクスルデフロック","○ フロントアクスルデフロック
● リアアクスルデフロック","○ フロントアクスルデフロック
● リアアクスルデフロック","● フロントアクスルデフロック
● リアアクスルデフロック","○ フロントアクスルデフロック
● リアアクスルデフロック","● フロントアクスルデフロック
● リアアクスルデフロック"
四驱/越野,4WD/オフロード,涉水感应系统,渡河感知システム,●,●,●,●,●,●,●,●
四驱/越野,4WD/オフロード,低速四驱,低速4WD,●,●,●,●,●,●,●,●
四驱/越野,4WD/オフロード,蠕行模式,クローリングモード,●,●,●,●,●,●,●,●
四驱/越野,4WD/オフロード,坦克转弯,タンクターン,●,●,●,●,●,●,●,●
四驱/越野,4WD/オフロード,拖挂钩,トレーラーフック,"○ マニュアル（4,000元）","○ マニュアル（4,000元）",○ マニュアル,○ マニュアル,○ マニュアル,○ マニュアル,"○ マニュアル（4,000元）","○ マニュアル（4,000元）"
四驱/越野,4WD/オフロード,拖车取电口,トレーラー電源取出口,○,○,○,○,○,○,○,○
驾驶硬件,運転ハードウェア,前/后驻车雷达,前/後パーキングセンサー,前 ● / 後 ●,前 ● / 後 ●,前 ● / 後 ●,前 ● / 後 ●,前 ● / 後 ●,前 ● / 後 ●,前 ● / 後 ●,前 ● / 後 ●
驾驶硬件,運転ハードウェア,驾驶辅助影像,運転支援映像,● 360度パノラマビューカメラ,● 360度パノラマビューカメラ,● 360度パノラマビューカメラ,● 360度パノラマビューカメラ,● 360度パノラマビューカメラ,● 360度パノラマビューカメラ,● 360度パノラマビューカメラ,● 360度パノラマビューカメラ
驾驶硬件,運転ハードウェア,透明底盘/540度影像,透明シャーシ/540度カメラ映像,●,●,●,●,●,●,●,●
驾驶硬件,運転ハードウェア,辅助驾驶芯片,運転支援チップ,● NVIDIA Orin-N,● NVIDIA Orin-N,● NVIDIA Orin-N,● NVIDIA Orin-N,-,-,-,-
驾驶硬件,運転ハードウェア,芯片总算力,チップ総演算能力,● 84 TOPS,● 84 TOPS,● 84 TOPS,● 84 TOPS,-,-,-,-
驾驶硬件,運転ハードウェア,前方感知摄像头,前方検知カメラ,● トリプルカメラ,● トリプルカメラ,● トリプルカメラ,● トリプルカメラ,● デュアルカメラ,● デュアルカメラ,● デュアルカメラ,● デュアルカメラ
驾驶硬件,運転ハードウェア,摄像头数量,カメラ数,● 12個,● 12個,● 11個,● 11個,● 11個,● 12個,● 11個,● 12個
驾驶硬件,運転ハードウェア,车内摄像头数量,車内カメラ数,● 1個,● 1個,● 1個,● 1個,● 1個,● 1個,● 1個,● 1個
驾驶硬件,運転ハードウェア,超声波雷达数量,超音波レーダー数,● 12個,● 12個,● 12個,● 12個,● 12個,● 12個,● 12個,● 12個
驾驶硬件,運転ハードウェア,毫米波雷达数量,ミリ波レーダー数,● 5個,● 5個,● 3個,● 3個,● 3個,● 3個,● 3個,● 3個
驾驶硬件,運転ハードウェア,激光雷达品牌,レーザーレーダーブランド,-,-,-,-,● HUAWEI（ファーウェイ）,● HUAWEI（ファーウェイ）,● HUAWEI（ファーウェイ）,● HUAWEI（ファーウェイ）
驾驶硬件,運転ハードウェア,激光雷达数量,レーザーレーダー数,-,-,-,-,● 1個,● 1個,● 1個,● 1個
驾驶硬件,運転ハードウェア,激光雷达线数,レーザーレーダーライン数,-,-,-,-,● 192ライン,● 192ライン,● 192ライン,● 192ライン
驾驶功能,運転機能,巡航系统,クルーズシステム,● 全速度域適応クルーズコントロール,● 全速度域適応クルーズコントロール,● 全速度域適応クルーズコントロール,● 全速度域適応クルーズコントロール,● 全速度域適応クルーズコントロール,● 全速度域適応クルーズコントロール,● 全速度域適応クルーズコントロール,● 全速度域適応クルーズコントロール
驾驶功能,運転機能,辅助驾驶系统,運転支援システム,● DiPilot 100,● DiPilot 100,● DiPilot 100,● DiPilot 100,● ファーウェイ 乾崑インテリジェントドライブADS,● ファーウェイ 乾崑インテリジェントドライブADS,● ファーウェイ 乾崑インテリジェントドライブADS,● ファーウェイ 乾崑インテリジェントドライブADS
驾驶功能,運転機能,辅助驾驶等级,運転支援レベル,● L2,● L2,● L2,● L2,● L2,● L2,● L2,● L2
驾驶功能,運転機能,倒车车侧预警系统,後退時車両接近警報,●,●,●,●,●,●,●,●
驾驶功能,運転機能,卫星导航系统,衛星ナビゲーションシステム,●,●,●,●,●,●,●,●
驾驶功能,運転機能,导航路况信息显示,ナビ交通情報表示,●,●,●,●,●,●,●,●
驾驶功能,運転機能,地图品牌,地図ブランド,● バイドゥ,● バイドゥ,● バイドゥ,● バイドゥ,● 高徳（ガオデ）,● 高徳（ガオデ）,● ファーウェイ Petal,● ファーウェイ Petal
驾驶功能,運転機能,并线辅助,ブラインドスポットアシスト,●,●,●,●,●,●,●,●
驾驶功能,運転機能,车道保持辅助系统,レーンキープアシスト,●,●,●,●,●,●,●,●
驾驶功能,運転機能,车道居中保持,車線中央維持,●,●,●,●,●,●,●,●
驾驶功能,運転機能,道路交通标识识别,交通標識認識,●,●,●,●,●,●,●,●
驾驶功能,運転機能,辅助泊车入位,駐車支援,●,●,●,●,●,●,●,●
驾驶功能,運転機能,遥控泊车,リモートパーキング,●,●,●,●,●,●,●,●
驾驶功能,運転機能,记忆泊车,メモリーパーク機能,●,●,●,●,○,○,○,○
驾驶功能,運転機能,循迹倒车,トレースバック機能,-,-,-,-,●,●,●,●
驾驶功能,運転機能,辅助变道,車線変更支援,●,●,●,●,●,●,●,●
驾驶功能,運転機能,辅助匝道自动驶出(入),ランプ自動出入支援,●,●,●,●,●,●,●,●
驾驶功能,運転機能,信号灯识别,信号認識,-,-,-,-,●,●,●,●
驾驶功能,運転機能,方向盘离手检测,ハンドル手放し検知,●,●,●,●,●,●,●,●
驾驶功能,運転機能,起步提醒,発進リマインダー,-,-,-,-,●,●,●,●
驾驶功能,運転機能,辅助驾驶路段,運転支援対応区間,● 高速道路区間,● 高速道路区間,● 高速道路区間,● 高速道路区間,"○ 市街地区間
● 高速道路区間","○ 市街地区間
● 高速道路区間","○ 市街地区間
● 高速道路区間","○ 市街地区間
● 高速道路区間"
外观/防盗,エクステリア・盗難防止,轮圈材质,ホイール材質,● アルミ合金,● アルミ合金,● アルミ合金,● アルミ合金,● アルミ合金,● アルミ合金,● アルミ合金,● アルミ合金
外观/防盗,エクステリア・盗難防止,电动吸合车门,電動ソフトクローズドア,-,● テールゲート,● テールゲート,● テールゲート,● テールゲート,● テールゲート,● テールゲート,● テールゲート
外观/防盗,エクステリア・盗難防止,车顶行李架,ルーフレール,●,●,●,●,●,●,●,●
外观/防盗,エクステリア・盗難防止,发动机电子防盗,エンジン電子盗難防止,●,●,●,●,●,●,●,●
外观/防盗,エクステリア・盗難防止,车内中控锁,集中ドアロック,●,●,●,●,●,●,●,●
外观/防盗,エクステリア・盗難防止,钥匙类型,キー種類,"● リモコンキー
● Bluetoothキー
● NFC/RFIDキー","● リモコンキー
● Bluetoothキー
● NFC/RFIDキー","● リモコンキー
● Bluetoothキー
● NFC/RFIDキー","● リモコンキー
● Bluetoothキー
● NFC/RFIDキー","● リモコンキー
● Bluetoothキー
● NFC/RFIDキー","● リモコンキー
● Bluetoothキー
● UWBデジタルキー
● NFC/RFIDキー","● リモコンキー
● Bluetoothキー
● NFC/RFIDキー","● リモコンキー
● Bluetoothキー
● UWBデジタルキー
● NFC/RFIDキー"
外观/防盗,エクステリア・盗難防止,无钥匙启动系统,キーレススタート,●,●,●,●,●,●,●,●
外观/防盗,エクステリア・盗難防止,无钥匙进入功能,キーレスエントリー機能,● 前席,● 前席,● 前席,● 前席,● 前席,● 前席,● 前席,● 前席
外观/防盗,エクステリア・盗難防止,远程启动功能,リモートスタート機能,●,●,●,●,●,●,●,●
外观/防盗,エクステリア・盗難防止,车侧脚踏板,サイドステップ,● 固定式,● 固定式,● 固定式,● 固定式,● 固定式,● 固定式,● 固定式,● 電動式
外观/防盗,エクステリア・盗難防止,电池预加热,バッテリー予熱,●,●,●,●,●,●,●,●
外观/防盗,エクステリア・盗難防止,对外放电,外部放電機能,●,●,●,●,●,●,●,●
车外灯光,外部照明,近光灯光源,ロービーム光源,● LED,● LED,● LED,● LED,● LED,● LED,● LED,● LED
车外灯光,外部照明,远光灯光源,ハイビーム光源,● LED,● LED,● LED,● LED,● LED,● LED,● LED,● LED
车外灯光,外部照明,LED日间行车灯,LEDデイタイムランニングライト,●,●,●,●,●,●,●,●
车外灯光,外部照明,自适应远近光,アダプティブハイビーム,●,●,●,●,●,●,●,●
车外灯光,外部照明,自动头灯,オートヘッドライト,●,●,●,●,●,●,●,●
车外灯光,外部照明,转向辅助灯,コーナリングランプ,●,●,●,●,●,●,●,●
车外灯光,外部照明,车前雾灯,フロントフォグランプ,● LED,● LED,● LED,● LED,● LED,● LED,● LED,● LED
车外灯光,外部照明,大灯高度可调,ヘッドライトレベライザー,●,●,●,●,●,●,●,●
车外灯光,外部照明,大灯延时关闭,ヘッドライト遅延消灯,●,●,●,●,●,●,●,●
天窗/玻璃,サンルーフ・ガラス,天窗类型,サンルーフ種類,● 開閉可能なパノラマサンルーフ,● 開閉可能なパノラマサンルーフ,● 開閉可能なパノラマサンルーフ,● 開閉可能なパノラマサンルーフ,● 開閉可能なパノラマサンルーフ,● 開閉可能なパノラマサンルーフ,● 開閉可能なパノラマサンルーフ,● 開閉可能なパノラマサンルーフ
天窗/玻璃,サンルーフ・ガラス,前/后电动车窗,前/後パワーウィンドウ,前 ● / 後 ●,前 ● / 後 ●,前 ● / 後 ●,前 ● / 後 ●,前 ● / 後 ●,前 ● / 後 ●,前 ● / 後 ●,前 ● / 後 ●
天窗/玻璃,サンルーフ・ガラス,车窗一键升降功能,パワーウインドウワンタッチ昇降,● 全車,● 全車,● 全車,● 全車,● 全車,● 全車,● 全車,● 全車
天窗/玻璃,サンルーフ・ガラス,车窗防夹手功能,ウインドウ挟み込み防止機能,●,●,●,●,●,●,●,●
天窗/玻璃,サンルーフ・ガラス,侧窗多层隔音玻璃,サイドウインド多層防音ガラス,● 前席,● 前席,● 前席,● 前席,● 前席,● 前席,● 前席,● 前席
天窗/玻璃,サンルーフ・ガラス,后排侧隐私玻璃,後席側プライバシーガラス,●,●,●,●,●,●,●,●
天窗/玻璃,サンルーフ・ガラス,车内化妆镜,車内化粧鏡,"● 運転席＋照明灯
● 助手席＋照明灯","● 運転席＋照明灯
● 助手席＋照明灯","● 運転席＋照明灯
● 助手席＋照明灯","● 運転席＋照明灯
● 助手席＋照明灯","● 運転席＋照明灯
● 助手席＋照明灯","● 運転席＋照明灯
● 助手席＋照明灯","● 運転席＋照明灯
● 助手席＋照明灯","● 運転席＋照明灯
● 助手席＋照明灯"
天窗/玻璃,サンルーフ・ガラス,后雨刷,リヤワイパー,●,●,●,●,●,●,●,●
天窗/玻璃,サンルーフ・ガラス,感应雨刷功能,レインセンサー機能,● 雨量感知式,● 雨量感知式,● 雨量感知式,● 雨量感知式,● 雨量感知式,● 雨量感知式,● 雨量感知式,● 雨量感知式
外后视镜,外側ドアミラー,外后视镜功能,ドアミラー機能,"● 電動調整
● 電動格納
● ミラー記憶機能
● ミラー加熱
● バック時自動下向き
● 施錠時自動格納","● 電動調整
● 電動格納
● ミラー記憶機能
● ミラー加熱
● バック時自動下向き
● 施錠時自動格納","● 電動調整
● 電動格納
● ミラー記憶機能
● ミラー加熱
● バック時自動下向き
● 施錠時自動格納","● 電動調整
● 電動格納
● ミラー記憶機能
● ミラー加熱
● バック時自動下向き
● 施錠時自動格納","● 電動調整
● 電動格納
● ミラー記憶機能
● ミラー加熱
● バック時自動下向き
● 施錠時自動格納","● 電動調整
● 電動格納
● ミラー記憶機能
● ミラー加熱
● バック時自動下向き
● 施錠時自動格納","● 電動調整
● 電動格納
● ミラー記憶機能
● ミラー加熱
● バック時自動下向き
● 施錠時自動格納","● 電動調整
● 電動格納
● ミラー記憶機能
● ミラー加熱
● バック時自動下向き
● 施錠時自動格納"
互联/智能化,互联/智能化,中控彩色屏幕,センターカラーディスプレイ,● タッチ液晶画面,● タッチ液晶画面,● タッチ液晶画面,● タッチ液晶画面,● タッチ液晶画面,● タッチ液晶画面,● タッチ液晶画面,● タッチ液晶画面
互联/智能化,互联/智能化,中控屏幕尺寸,センターディスプレイサイズ,● 15.6インチ,● 15.6インチ,● 15.6インチ,● 15.6インチ,● 15.6インチ,● 15.6インチ,● 15.6インチ,● 15.6インチ
互联/智能化,互联/智能化,中控屏幕分辨率,センター画面解像度,● 2.5K解像度,● 2.5K解像度,● 2.5K解像度,● 2.5K解像度,● 2.5K解像度,● 2.5K解像度,● 2.5K解像度,● 2.5K解像度
互联/智能化,互联/智能化,副驾娱乐屏尺寸,助手席エンタメ画面サイズ,-,● 12.3インチ,● 12.3インチ,● 12.3インチ,● 12.3インチ,● 12.3インチ,● 12.3インチ,● 12.3インチ
互联/智能化,互联/智能化,蓝牙/车载电话,Bluetooth/車載電話,●,●,●,●,●,●,●,●
互联/智能化,互联/智能化,手机互联/映射,スマホ連携/ミラーリング,"● HUAWEI HiCar対応
● Carlink対応","● HUAWEI HiCar対応
● Carlink対応","● HUAWEI HiCar対応
● Carlink対応","● HUAWEI HiCar対応
● Carlink対応","● HUAWEI HiCar対応
● Carlink対応","● HUAWEI HiCar対応
● Carlink対応","● HUAWEI HiCar対応
● Carlink対応","● HUAWEI HiCar対応
● Carlink対応"
互联/智能化,互联/智能化,语音识别控制系统,音声認識操作,"● マルチメディアシステム
● ナビゲーション
● 電話
● エアコン
● サンルーフ
● パワーウィンドウ","● マルチメディアシステム
● ナビゲーション
● 電話
● エアコン
● サンルーフ
● パワーウィンドウ","● マルチメディアシステム
● ナビゲーション
● 電話
● エアコン
● サンルーフ
● パワーウィンドウ","● マルチメディアシステム
● ナビゲーション
● 電話
● エアコン
● サンルーフ
● パワーウィンドウ","● マルチメディアシステム
● ナビゲーション
● 電話
● エアコン
● サンルーフ
● パワーウィンドウ","● マルチメディアシステム
● ナビゲーション
● 電話
● エアコン
● サンルーフ
● パワーウィンドウ","● マルチメディアシステム
● ナビゲーション
● 電話
● エアコン
● サンルーフ
● パワーウィンドウ","● マルチメディアシステム
● ナビゲーション
● 電話
● エアコン
● サンルーフ
● パワーウィンドウ"
互联/智能化,互联/智能化,语音助手唤醒词,音声アシスタント起動ワード,● こんにちは、小方（音声アシスタント）,● こんにちは、小方（音声アシスタント）,● こんにちは、小方（音声アシスタント）,● こんにちは、小方（音声アシスタント）,● こんにちは、小方（音声アシスタント）,● こんにちは、小方（音声アシスタント）,● こんにちは、小方（音声アシスタント）,● こんにちは、小方（音声アシスタント）
互联/智能化,互联/智能化,语音分区域唤醒识别,音声エリア別起動認識,● 4ゾーン,● 4ゾーン,● 4ゾーン,● 4ゾーン,● 4ゾーン,● 4ゾーン,● 4ゾーン,● 4ゾーン
互联/智能化,互联/智能化,语音连续识别,連続音声認識,●,●,●,●,●,●,●,●
互联/智能化,互联/智能化,可见即可说,見てすぐ話せる機能,●,●,●,●,●,●,●,●
互联/智能化,互联/智能化,面部识别,顔認証,●,●,●,●,●,●,●,●
互联/智能化,互联/智能化,应用商店,アプリストア,●,●,●,●,●,●,●,●
互联/智能化,互联/智能化,车载智能系统,車載インテリジェントシステム,● DiLink,● DiLink,● DiLink,● DiLink,● DiLink,● DiLink,● DiLink,● DiLink
互联/智能化,互联/智能化,车机系统内存(GB),車載システムメモリ(GB),● 12,● 12,● 12,● 12,● 12,● 12,● 12,● 12
互联/智能化,互联/智能化,车机系统存储(GB),車載システムストレージ(GB),● 256,● 256,● 256,● 256,● 256,● 256,● 256,● 256
互联/智能化,互联/智能化,车联网,コネクテッドカー,●,●,●,●,●,●,●,●
互联/智能化,互联/智能化,4G/5G网络,4G/5Gネットワーク,● 5G対応,● 5G対応,● 5G対応,● 5G対応,● 5G対応,● 5G対応,● 5G対応,● 5G対応
互联/智能化,互联/智能化,OTA升级,OTAアップデート,●,●,●,●,●,●,●,●
互联/智能化,互联/智能化,Wi-Fi热点,Wi-Fiホットスポット,●,●,●,●,●,●,●,●
互联/智能化,互联/智能化,手机APP远程功能,スマホアプリ遠隔操作,"● ドアコントロール
● ウィンドウコントロール
● エンジン始動
● 充電管理
● エアコン制御
● 車両状態確認／診断
● 車両位置特定／車両探索
● オーナーサービス（充電スタンド、ガソリンスタンド、駐車場検索など）
● メンテナンス／修理予約","● ドアコントロール
● ウィンドウコントロール
● エンジン始動
● 充電管理
● エアコン制御
● 車両状態確認／診断
● 車両位置特定／車両探索
● オーナーサービス（充電スタンド、ガソリンスタンド、駐車場検索など）
● メンテナンス／修理予約","● ドアコントロール
● ウィンドウコントロール
● エンジン始動
● 充電管理
● エアコン制御
● 車両状態確認／診断
● 車両位置特定／車両探索
● オーナーサービス（充電スタンド、ガソリンスタンド、駐車場検索など）
● メンテナンス／修理予約","● ドアコントロール
● ウィンドウコントロール
● エンジン始動
● 充電管理
● エアコン制御
● 車両状態確認／診断
● 車両位置特定／車両探索
● オーナーサービス（充電スタンド、ガソリンスタンド、駐車場検索など）
● メンテナンス／修理予約","● ドアコントロール
● ウィンドウコントロール
● エンジン始動
● 充電管理
● エアコン制御
● 車両状態確認／診断
● 車両位置特定／車両探索
● オーナーサービス（充電スタンド、ガソリンスタンド、駐車場検索など）
● メンテナンス／修理予約","● ドアコントロール
● ウィンドウコントロール
● エンジン始動
● 充電管理
● エアコン制御
● 車両状態確認／診断
● 車両位置特定／車両探索
● オーナーサービス（充電スタンド、ガソリンスタンド、駐車場検索など）
● メンテナンス／修理予約","● ドアコントロール
● ウィンドウコントロール
● エンジン始動
● 充電管理
● エアコン制御
● 車両状態確認／診断
● 車両位置特定／車両探索
● オーナーサービス（充電スタンド、ガソリンスタンド、駐車場検索など）
● メンテナンス／修理予約","● ドアコントロール
● ウィンドウコントロール
● エンジン始動
● 充電管理
● エアコン制御
● 車両状態確認／診断
● 車両位置特定／車両探索
● オーナーサービス（充電スタンド、ガソリンスタンド、駐車場検索など）
● メンテナンス／修理予約"
互联/智能化,互联/智能化,车载KTV,車載カラオケ,●,●,●,●,●,●,-,-
方向盘/内后视镜,ステアリング・内側ミラー,方向盘材质,ステアリング素材,● レザー調,● レザー調,● レザー調,● レザー調,● レザー調,● レザー調,● レザー調,● レザー調
方向盘/内后视镜,ステアリング・内側ミラー,方向盘位置调节,ステアリング位置調整,● 手動上下＋前後調整,● 手動上下＋前後調整,● 手動上下＋前後調整,● 手動上下＋前後調整,● 手動上下＋前後調整,● 電動上下＋前後調整,● 手動上下＋前後調整,● 電動上下＋前後調整
方向盘/内后视镜,ステアリング・内側ミラー,换挡形式,シフト形式,● 電子シフトレバー,● 電子シフトレバー,● 電子シフトレバー,● 電子シフトレバー,● 電子シフトレバー,● 電子シフトレバー,● 電子シフトレバー,● 電子シフトレバー
方向盘/内后视镜,ステアリング・内側ミラー,多功能方向盘,多機能ステアリングホイール,●,●,●,●,●,●,●,●
方向盘/内后视镜,ステアリング・内側ミラー,方向盘加热,ステアリングヒーター,●,●,●,●,●,●,●,●
方向盘/内后视镜,ステアリング・内側ミラー,方向盘记忆,ステアリング位置メモリー,-,-,-,-,-,●,-,●
方向盘/内后视镜,ステアリング・内側ミラー,行车电脑显示屏幕,ドライブコンピューターディスプレイ,● カラー,● カラー,● カラー,● カラー,● カラー,● カラー,● カラー,● カラー
方向盘/内后视镜,ステアリング・内側ミラー,全液晶仪表盘,フル液晶メーター,●,●,●,●,●,●,●,●
方向盘/内后视镜,ステアリング・内側ミラー,液晶仪表尺寸,液晶メーターサイズ,● 12.3インチ,● 12.3インチ,● 12.3インチ,● 12.3インチ,● 12.3インチ,● 12.3インチ,● 12.3インチ,● 12.3インチ
方向盘/内后视镜,ステアリング・内側ミラー,HUD抬头数字显示,ヘッドアップディスプレイ,-,●,●,●,●,●,●,●
方向盘/内后视镜,ステアリング・内側ミラー,HUD抬头尺寸,HUDヘッドアップディスプレイサイズ,-,● 50インチ,● 26インチ,● 26インチ,● 26インチ,● 26インチ,● 50インチ,● 50インチ
方向盘/内后视镜,ステアリング・内側ミラー,内后视镜功能,ルームミラー機能,● 自動防眩機能,● 自動防眩機能,● 自動防眩機能,● 自動防眩機能,● 自動防眩機能,"● 自動防眩機能
● ストリーミングミラー",● 自動防眩機能,"● 自動防眩機能
● ストリーミングミラー"
方向盘/内后视镜,ステアリング・内側ミラー,ETC装置,ETC装置,●,●,●,●,●,●,●,●
车内充电,車内充電設備,多媒体/充电接口,マルチメディア／充電ポート,"● USB
● Type-C","● USB
● Type-C","● USB
● Type-C","● USB
● Type-C","● USB
● Type-C","● USB
● Type-C","● USB
● Type-C","● USB
● Type-C"
车内充电,車内充電設備,USB/Type-C接口数量,USB/Type-Cポート数,● 前席3個／後席2個,● 前席3個／後席2個,● 前席3個／後席2個,● 前席3個／後席2個,● 前席3個／後席2個,● 前席3個／後席2個,● 前席3個／後席2個,● 前席3個／後席2個
车内充电,車内充電設備,USB/Type-C最大充电功率,USB/Type-C最大充電出力,● 60W,● 60W,● 60W,● 60W,● 60W,● 60W,● 60W,● 60W
车内充电,車内充電設備,220V/230V电源,AC電源(220/230V),●,●,●,●,●,●,●,●
车内充电,車内充電設備,手机无线充电功能,スマホワイヤレス充電機能,● 前席,● 前席,● 前席,● 前席,● 前席,● 前席,● 前席,● 前席
车内充电,車内充電設備,手机无线充电功率,スマホワイヤレス充電出力,● 50W,● 50W,● 50W,● 50W,● 50W,● 50W,● 50W,● 50W
车内充电,車内充電設備,行李厢12V电源接口,トランク12V電源ポート,●,●,●,●,●,●,●,●
座椅配置,シート装備,座椅材质,シート素材,● 合成皮革,● 本革,● 本革,● 本革,● 本革,● 本革,● 本革,● 本革
座椅配置,シート装備,主座椅调节方式,運転席シート調整方式,"● 前後調整
● 背もたれ調整
● 高さ調整（4方向）
● 腰部サポート（4方向）","● 前後調整
● 背もたれ調整
● 高さ調整（4方向）
● 腰部サポート（4方向）","● 前後調整
● 背もたれ調整
● 高さ調整（4方向）
● 腰部サポート（4方向）","● 前後調整
● 背もたれ調整
● 高さ調整（4方向）
● 腰部サポート（4方向）","● 前後調整
● 背もたれ調整
● 高さ調整（4方向）
● 腰部サポート（4方向）","● 前後調整
● 背もたれ調整
● 高さ調整（4方向）
● 腰部サポート（4方向）","● 前後調整
● 背もたれ調整
● 高さ調整（4方向）
● 腰部サポート（4方向）","● 前後調整
● 背もたれ調整
● 高さ調整（4方向）
● 腰部サポート（4方向）"
座椅配置,シート装備,副座椅调节方式,助手席シート調整方式,"● 前後調整
● 背もたれ調整
● 高さ調整（2方向）","● 前後調整
● 背もたれ調整
● 高さ調整（2方向）
● 腰部サポート（4方向）","● 前後スライド調整
● リクライニング調整
● 高さ調整（2方向）
● レッグレスト調整
● 腰部サポート（4方向）","● 前後スライド調整
● リクライニング調整
● 高さ調整（2方向）
● レッグレスト調整
● 腰部サポート（4方向）","● 前後スライド調整
● リクライニング調整
● 高さ調整（2方向）
● レッグレスト調整
● 腰部サポート（4方向）","● 前後スライド調整
● リクライニング調整
● 高さ調整（2方向）
● レッグレスト調整
● 腰部サポート（4方向）","● 前後調整
● 背もたれ調整
● 高さ調整（2方向）
● 腰部サポート（4方向）","● 前後調整
● 背もたれ調整
● 高さ調整（2方向）
● 腰部サポート（4方向）"
座椅配置,シート装備,主/副驾驶座电动调节,運転席/助手席電動調整,主 ● / 副 ●,主 ● / 副 ●,主 ● / 副 ●,主 ● / 副 ●,主 ● / 副 ●,主 ● / 副 ●,主 ● / 副 ●,主 ● / 副 ●
座椅配置,シート装備,前排座椅功能,フロントシート機能,"● シートヒーター
● ベンチレーション","● シートヒーター
● ベンチレーション
● マッサージ機能
● ヘッドレストスピーカー","● シートヒーター
● ベンチレーション
● マッサージ機能","● シートヒーター
● ベンチレーション
● マッサージ機能","● シートヒーター
● ベンチレーション
● マッサージ機能","● シートヒーター
● ベンチレーション
● マッサージ機能
● ヘッドレストスピーカー（運転席のみ）","● シートヒーター
● ベンチレーション
● マッサージ機能
● ヘッドレストスピーカー","● シートヒーター
● ベンチレーション
● マッサージ機能
● ヘッドレストスピーカー"
座椅配置,シート装備,电动座椅记忆功能,電動シートメモリー機能,● 運転席,"● 運転席
● 助手席","● 運転席
● 助手席","● 運転席
● 助手席","● 運転席
● 助手席","● 運転席
● 助手席","● 運転席
● 助手席","● 運転席
● 助手席"
座椅配置,シート装備,副驾驶位后排可调节按钮,助手席後部調整ボタン,-,-,-,-,-,-,-,-
座椅配置,シート装備,第二排座椅调节,2列目シート調整,● リクライニング調整,● リクライニング調整,● リクライニング調整,● リクライニング調整,● リクライニング調整,● リクライニング調整,● リクライニング調整,● リクライニング調整
座椅配置,シート装備,第二排座椅电动调节,2列目電動調整,-,-,●,●,●,●,-,-
座椅配置,シート装備,第二排座椅功能,2列目シート機能,"● シートヒーター
● ベンチレーション","● シートヒーター
● ベンチレーション","● シートヒーター
● ベンチレーション","● シートヒーター
● ベンチレーション","● シートヒーター
● ベンチレーション","● シートヒーター
● ベンチレーション","● シートヒーター
● ベンチレーション","● シートヒーター
● ベンチレーション"
座椅配置,シート装備,后排座椅放倒形式,後部シート倒し方,● 分割可倒式,● 分割可倒式,● 分割可倒式,● 分割可倒式,● 分割可倒式,● 分割可倒式,● 分割可倒式,● 分割可倒式
座椅配置,シート装備,前/后中央扶手,フロント/リヤセンターアームレスト,前 ● / 後 ●,前 ● / 後 ●,前 ● / 後 ●,前 ● / 後 ●,前 ● / 後 ●,前 ● / 後 ●,前 ● / 後 ●,前 ● / 後 ●
座椅配置,シート装備,后排杯架,後席カップホルダー,●,●,●,●,●,●,●,●
音响/车内灯光,オーディオ・室内照明,扬声器品牌名称,スピーカーブランド名,● DEVIALET（デビアレ）,● DEVIALET（デビアレ）,● DEVIALET（デビアレ）,● DEVIALET（デビアレ）,● DEVIALET（デビアレ）,● DEVIALET（デビアレ）,● DEVIALET（デビアレ）,● DEVIALET（デビアレ）
音响/车内灯光,オーディオ・室内照明,扬声器数量,スピーカー数,● 16スピーカー,● 18スピーカー,● 18スピーカー,● 18スピーカー,● 18スピーカー,● 20スピーカー,● 18スピーカー,● 18スピーカー
音响/车内灯光,オーディオ・室内照明,触摸式阅读灯,タッチ式読書灯,-,-,●,●,●,●,-,-
音响/车内灯光,オーディオ・室内照明,车内环境氛围灯,車内アンビエントライト,● マルチカラー,● マルチカラー,● マルチカラー,● マルチカラー,● マルチカラー,● マルチカラー,● マルチカラー,● マルチカラー
音响/车内灯光,オーディオ・室内照明,主动式环境氛围灯,アクティブアンビエントライト,-,-,●,●,●,●,-,-
空调/冰箱,エアコン・冷蔵庫,空调温度控制方式,エアコン温度調節方式,● オートエアコン,● オートエアコン,● オートエアコン,● オートエアコン,● オートエアコン,● オートエアコン,● オートエアコン,● オートエアコン
空调/冰箱,エアコン・冷蔵庫,热泵空调,ヒートポンプエアコン,●,●,-,-,-,-,●,●
空调/冰箱,エアコン・冷蔵庫,后排独立空调,後席独立エアコン,-,-,-,-,-,-,-,-
空调/冰箱,エアコン・冷蔵庫,后座出风口,後席エアアウトレット,●,●,●,●,●,●,●,●
空调/冰箱,エアコン・冷蔵庫,温度分区控制,温度ゾーンコントロール,●,●,●,●,●,●,●,●
空调/冰箱,エアコン・冷蔵庫,车载空气净化器,車載空気清浄機,●,●,●,●,●,●,●,●
空调/冰箱,エアコン・冷蔵庫,车内PM2.5过滤装置,車内PM2.5フィルター装置,●,●,●,●,●,●,●,●
空调/冰箱,エアコン・冷蔵庫,负离子发生器,マイナスイオン発生器,●,●,●,●,●,●,●,●
空调/冰箱,エアコン・冷蔵庫,车内香氛装置,車内アロマ装置,-,●,●,●,●,●,●,●
空调/冰箱,エアコン・冷蔵庫,空气质量监测,空気質センサー,●,●,●,●,●,●,●,●
空调/冰箱,エアコン・冷蔵庫,车载冰箱,車載冷蔵庫,-,●,●,●,●,●,●,●
颜色,カラー,外观颜色,外装色,–,–,–,–,–,–,–,–
颜色,カラー,内饰颜色,内装色,–,–,–,–,–,–,–,–
选装包,オプションパッケージ,拖车钩及2.5t拖车资质+前桥差速锁,トレーラーフック＋2.5t牽引資格＋前軸デフロック,○ オプション（8000元）,○ オプション（8000元）,-,-,-,-,○ オプション（8000元）,-
选装包,オプションパッケージ,拖车钩及拖车资质+前桥差速锁,トレーラーフック＋牽引資格＋前軸デフロック,-,-,○ オプション（8000元）,○ オプション（8000元）,○ オプション（8000元）,-,-,-
选装包,オプションパッケージ,拖车钩及拖车资质,トレーラーフック＋牽引資格,-,-,-,-,-,○ オプション（4000元）,-,-
选装包,オプションパッケージ,帝瓦雷联名便携音箱,Devialetコラボポータブルスピーカー,-,-,-,-,-,○ オプション（4999元）,-,-
选装包,オプションパッケージ,2.5t拖挂资质,2.5t牽引資格,-,-,-,-,-,-,-,○ オプション（4000元）
